0, 0:0:0.000000
1, 0:0:0.100000
2, 0:0:0.200000
3, 0:0:0.300000
4, 0:0:0.400000
5, 0:0:0.500000
6, 0:0:0.600000
7, 0:0:0.700000
8, 0:0:0.800000
9, 0:0:0.900000
10, 0:0:1.000000
11, 0:0:1.100000
12, 0:0:1.200000
13, 0:0:1.300000
14, 0:0:1.400000
15, 0:0:1.500000
16, 0:0:1.600000
17, 0:0:1.700000
18, 0:0:1.800000
19, 0:0:1.900000
20, 0:0:2.000000
21, 0:0:2.100000
22, 0:0:2.200000
23, 0:0:2.300000
24, 0:0:2.400000
25, 0:0:2.500000
26, 0:0:2.600000
27, 0:0:2.700000
28, 0:0:2.800000
29, 0:0:2.900000
30, 0:0:3.000000
31, 0:0:3.100000
32, 0:0:3.200000
33, 0:0:3.300000
34, 0:0:3.400000
35, 0:0:3.500000
36, 0:0:3.600000
37, 0:0:3.700000
38, 0:0:3.800000
39, 0:0:3.900000
40, 0:0:4.000000
41, 0:0:4.100000
42, 0:0:4.200000
43, 0:0:4.300000
44, 0:0:4.400000
45, 0:0:4.500000
46, 0:0:4.600000
47, 0:0:4.700000
48, 0:0:4.800000
49, 0:0:4.900000
50, 0:0:5.000000
51, 0:0:5.100000
52, 0:0:5.200000
53, 0:0:5.300000
54, 0:0:5.400000
55, 0:0:5.500000
56, 0:0:5.600000
57, 0:0:5.700000
58, 0:0:5.800000
59, 0:0:5.900000
60, 0:0:6.000000
61, 0:0:6.100000
62, 0:0:6.200000
63, 0:0:6.300000
64, 0:0:6.400000
65, 0:0:6.500000
66, 0:0:6.600000
67, 0:0:6.700000
68, 0:0:6.800000
69, 0:0:6.900000
70, 0:0:7.000000
71, 0:0:7.100000
72, 0:0:7.200000
73, 0:0:7.300000
74, 0:0:7.400000
75, 0:0:7.500000
76, 0:0:7.600000
77, 0:0:7.700000
78, 0:0:7.800000
79, 0:0:7.900000
80, 0:0:8.000000
81, 0:0:8.100000
82, 0:0:8.200000
83, 0:0:8.300000
84, 0:0:8.400000
85, 0:0:8.500000
86, 0:0:8.600000
87, 0:0:8.700000
88, 0:0:8.800000
89, 0:0:8.900000
90, 0:0:9.000000
91, 0:0:9.100000
92, 0:0:9.200000
93, 0:0:9.300000
94, 0:0:9.400000
95, 0:0:9.500000
96, 0:0:9.600000
97, 0:0:9.700000
98, 0:0:9.800000
99, 0:0:9.900000
100, 0:0:10.000000
101, 0:0:10.100000
102, 0:0:10.200000
103, 0:0:10.300000
104, 0:0:10.400000
105, 0:0:10.500000
106, 0:0:10.600000
107, 0:0:10.700000
108, 0:0:10.800000
109, 0:0:10.900000
110, 0:0:11.000000
111, 0:0:11.100000
112, 0:0:11.200000
113, 0:0:11.300000
114, 0:0:11.400000
115, 0:0:11.500000
116, 0:0:11.600000
117, 0:0:11.700000
118, 0:0:11.800000
119, 0:0:11.900000
120, 0:0:12.000000
121, 0:0:12.100000
122, 0:0:12.200000
123, 0:0:12.300000
124, 0:0:12.400000
125, 0:0:12.500000
126, 0:0:12.600000
127, 0:0:12.700000
128, 0:0:12.800000
129, 0:0:12.900000
130, 0:0:13.000000
131, 0:0:13.100000
132, 0:0:13.200000
133, 0:0:13.300000
134, 0:0:13.400000
135, 0:0:13.500000
136, 0:0:13.600000
137, 0:0:13.700000
138, 0:0:13.800000
139, 0:0:13.900000
140, 0:0:14.000000
141, 0:0:14.100000
142, 0:0:14.200000
143, 0:0:14.300000
144, 0:0:14.400000
145, 0:0:14.500000
146, 0:0:14.600000
147, 0:0:14.700000
148, 0:0:14.800000
149, 0:0:14.900000
150, 0:0:15.000000
151, 0:0:15.100000
152, 0:0:15.200000
153, 0:0:15.300000
154, 0:0:15.400000
155, 0:0:15.500000
156, 0:0:15.600000
157, 0:0:15.700000
158, 0:0:15.800000
159, 0:0:15.900000
160, 0:0:16.000000
161, 0:0:16.100000
162, 0:0:16.200000
163, 0:0:16.300000
164, 0:0:16.400000
165, 0:0:16.500000
166, 0:0:16.600000
167, 0:0:16.700000
168, 0:0:16.800000
169, 0:0:16.900000
170, 0:0:17.000000
171, 0:0:17.100000
172, 0:0:17.200000
173, 0:0:17.300000
174, 0:0:17.400000
175, 0:0:17.500000
176, 0:0:17.600000
177, 0:0:17.700000
178, 0:0:17.800000
179, 0:0:17.900000
180, 0:0:18.000000
181, 0:0:18.100000
182, 0:0:18.200000
183, 0:0:18.300000
184, 0:0:18.400000
185, 0:0:18.500000
186, 0:0:18.600000
187, 0:0:18.700000
188, 0:0:18.800000
189, 0:0:18.900000
190, 0:0:19.000000
191, 0:0:19.100000
192, 0:0:19.200000
193, 0:0:19.300000
194, 0:0:19.400000
195, 0:0:19.500000
196, 0:0:19.600000
197, 0:0:19.700000
198, 0:0:19.800000
199, 0:0:19.900000
200, 0:0:20.000000
201, 0:0:20.100000
202, 0:0:20.200000
203, 0:0:20.300000
204, 0:0:20.400000
205, 0:0:20.500000
206, 0:0:20.600000
207, 0:0:20.700000
208, 0:0:20.800000
209, 0:0:20.900000
210, 0:0:21.000000
211, 0:0:21.100000
212, 0:0:21.200000
213, 0:0:21.300000
214, 0:0:21.400000
215, 0:0:21.500000
216, 0:0:21.600000
217, 0:0:21.700000
218, 0:0:21.800000
219, 0:0:21.900000
220, 0:0:22.000000
221, 0:0:22.100000
222, 0:0:22.200000
223, 0:0:22.300000
224, 0:0:22.400000
225, 0:0:22.500000
226, 0:0:22.600000
227, 0:0:22.700000
228, 0:0:22.800000
229, 0:0:22.900000
230, 0:0:23.000000
231, 0:0:23.100000
232, 0:0:23.200000
233, 0:0:23.300000
234, 0:0:23.400000
235, 0:0:23.500000
236, 0:0:23.600000
237, 0:0:23.700000
238, 0:0:23.800000
239, 0:0:23.900000
240, 0:0:24.000000
241, 0:0:24.100000
242, 0:0:24.200000
243, 0:0:24.300000
244, 0:0:24.400000
245, 0:0:24.500000
246, 0:0:24.600000
247, 0:0:24.700000
248, 0:0:24.800000
249, 0:0:24.900000
250, 0:0:25.000000
251, 0:0:25.100000
252, 0:0:25.200000
253, 0:0:25.300000
254, 0:0:25.400000
255, 0:0:25.500000
256, 0:0:25.600000
257, 0:0:25.700000
258, 0:0:25.800000
259, 0:0:25.900000
260, 0:0:26.000000
261, 0:0:26.100000
262, 0:0:26.200000
263, 0:0:26.300000
264, 0:0:26.400000
265, 0:0:26.500000
266, 0:0:26.600000
267, 0:0:26.700000
268, 0:0:26.800000
269, 0:0:26.900000
270, 0:0:27.000000
271, 0:0:27.100000
272, 0:0:27.200000
273, 0:0:27.300000
274, 0:0:27.400000
275, 0:0:27.500000
276, 0:0:27.600000
277, 0:0:27.700000
278, 0:0:27.800000
279, 0:0:27.900000
280, 0:0:28.000000
281, 0:0:28.100000
282, 0:0:28.200000
283, 0:0:28.300000
284, 0:0:28.400000
285, 0:0:28.500000
286, 0:0:28.600000
287, 0:0:28.700000
288, 0:0:28.800000
289, 0:0:28.900000
290, 0:0:29.000000
291, 0:0:29.100000
292, 0:0:29.200000
293, 0:0:29.300000
294, 0:0:29.400000
295, 0:0:29.500000
296, 0:0:29.600000
297, 0:0:29.700000
298, 0:0:29.800000
299, 0:0:29.900000
300, 0:0:30.000000
301, 0:0:30.100000
302, 0:0:30.200000
303, 0:0:30.300000
304, 0:0:30.400000
305, 0:0:30.500000
306, 0:0:30.600000
307, 0:0:30.700000
308, 0:0:30.800000
309, 0:0:30.900000
310, 0:0:31.000000
311, 0:0:31.100000
312, 0:0:31.200000
313, 0:0:31.300000
314, 0:0:31.400000
315, 0:0:31.500000
316, 0:0:31.600000
317, 0:0:31.700000
318, 0:0:31.800000
319, 0:0:31.900000
320, 0:0:32.000000
321, 0:0:32.100000
322, 0:0:32.200000
323, 0:0:32.300000
324, 0:0:32.400000
325, 0:0:32.500000
326, 0:0:32.600000
327, 0:0:32.700000
328, 0:0:32.800000
329, 0:0:32.900000
330, 0:0:33.000000
331, 0:0:33.100000
332, 0:0:33.200000
333, 0:0:33.300000
334, 0:0:33.400000
335, 0:0:33.500000
336, 0:0:33.600000
337, 0:0:33.700000
338, 0:0:33.800000
339, 0:0:33.900000
340, 0:0:34.000000
341, 0:0:34.100000
342, 0:0:34.200000
343, 0:0:34.300000
344, 0:0:34.400000
345, 0:0:34.500000
346, 0:0:34.600000
347, 0:0:34.700000
348, 0:0:34.800000
349, 0:0:34.900000
350, 0:0:35.000000
351, 0:0:35.100000
352, 0:0:35.200000
353, 0:0:35.300000
354, 0:0:35.400000
355, 0:0:35.500000
356, 0:0:35.600000
357, 0:0:35.700000
358, 0:0:35.800000
359, 0:0:35.900000
360, 0:0:36.000000
361, 0:0:36.100000
362, 0:0:36.200000
363, 0:0:36.300000
364, 0:0:36.400000
365, 0:0:36.500000
366, 0:0:36.600000
367, 0:0:36.700000
368, 0:0:36.800000
369, 0:0:36.900000
370, 0:0:37.000000
371, 0:0:37.100000
372, 0:0:37.200000
373, 0:0:37.300000
374, 0:0:37.400000
375, 0:0:37.500000
376, 0:0:37.600000
377, 0:0:37.700000
378, 0:0:37.800000
379, 0:0:37.900000
380, 0:0:38.000000
381, 0:0:38.100000
382, 0:0:38.200000
383, 0:0:38.300000
384, 0:0:38.400000
385, 0:0:38.500000
386, 0:0:38.600000
387, 0:0:38.700000
388, 0:0:38.800000
389, 0:0:38.900000
390, 0:0:39.000000
391, 0:0:39.100000
392, 0:0:39.200000
393, 0:0:39.300000
394, 0:0:39.400000
395, 0:0:39.500000
396, 0:0:39.600000
397, 0:0:39.700000
398, 0:0:39.800000
399, 0:0:39.900000
400, 0:0:40.000000
401, 0:0:40.100000
402, 0:0:40.200000
403, 0:0:40.300000
404, 0:0:40.400000
405, 0:0:40.500000
406, 0:0:40.600000
407, 0:0:40.700000
408, 0:0:40.800000
409, 0:0:40.900000
410, 0:0:41.000000
411, 0:0:41.100000
412, 0:0:41.200000
413, 0:0:41.300000
414, 0:0:41.400000
415, 0:0:41.500000
416, 0:0:41.600000
417, 0:0:41.700000
418, 0:0:41.800000
419, 0:0:41.900000
420, 0:0:42.000000
421, 0:0:42.100000
422, 0:0:42.200000
423, 0:0:42.300000
424, 0:0:42.400000
425, 0:0:42.500000
426, 0:0:42.600000
427, 0:0:42.700000
428, 0:0:42.800000
429, 0:0:42.900000
430, 0:0:43.000000
431, 0:0:43.100000
432, 0:0:43.200000
433, 0:0:43.300000
434, 0:0:43.400000
435, 0:0:43.500000
436, 0:0:43.600000
437, 0:0:43.700000
438, 0:0:43.800000
439, 0:0:43.900000
440, 0:0:44.000000
441, 0:0:44.100000
442, 0:0:44.200000
443, 0:0:44.300000
444, 0:0:44.400000
445, 0:0:44.500000
446, 0:0:44.600000
447, 0:0:44.700000
448, 0:0:44.800000
449, 0:0:44.900000
450, 0:0:45.000000
451, 0:0:45.100000
452, 0:0:45.200000
453, 0:0:45.300000
454, 0:0:45.400000
455, 0:0:45.500000
456, 0:0:45.600000
457, 0:0:45.700000
458, 0:0:45.800000
459, 0:0:45.900000
460, 0:0:46.000000
461, 0:0:46.100000
462, 0:0:46.200000
463, 0:0:46.300000
464, 0:0:46.400000
465, 0:0:46.500000
466, 0:0:46.600000
467, 0:0:46.700000
468, 0:0:46.800000
469, 0:0:46.900000
470, 0:0:47.000000
471, 0:0:47.100000
472, 0:0:47.200000
473, 0:0:47.300000
474, 0:0:47.400000
475, 0:0:47.500000
476, 0:0:47.600000
477, 0:0:47.700000
478, 0:0:47.800000
479, 0:0:47.900000
480, 0:0:48.000000
481, 0:0:48.100000
482, 0:0:48.200000
483, 0:0:48.300000
484, 0:0:48.400000
485, 0:0:48.500000
486, 0:0:48.600000
487, 0:0:48.700000
488, 0:0:48.800000
489, 0:0:48.900000
490, 0:0:49.000000
491, 0:0:49.100000
492, 0:0:49.200000
493, 0:0:49.300000
494, 0:0:49.400000
495, 0:0:49.500000
496, 0:0:49.600000
497, 0:0:49.700000
498, 0:0:49.800000
499, 0:0:49.900000
500, 0:0:50.000000
501, 0:0:50.100000
502, 0:0:50.200000
503, 0:0:50.300000
504, 0:0:50.400000
505, 0:0:50.500000
506, 0:0:50.600000
507, 0:0:50.700000
508, 0:0:50.800000
509, 0:0:50.900000
510, 0:0:51.000000
511, 0:0:51.100000
512, 0:0:51.200000
513, 0:0:51.300000
514, 0:0:51.400000
515, 0:0:51.500000
516, 0:0:51.600000
517, 0:0:51.700000
518, 0:0:51.800000
519, 0:0:51.900000
520, 0:0:52.000000
521, 0:0:52.100000
522, 0:0:52.200000
523, 0:0:52.300000
524, 0:0:52.400000
525, 0:0:52.500000
526, 0:0:52.600000
527, 0:0:52.700000
528, 0:0:52.800000
529, 0:0:52.900000
530, 0:0:53.000000
531, 0:0:53.100000
532, 0:0:53.200000
533, 0:0:53.300000
534, 0:0:53.400000
535, 0:0:53.500000
536, 0:0:53.600000
537, 0:0:53.700000
538, 0:0:53.800000
539, 0:0:53.900000
540, 0:0:54.000000
541, 0:0:54.100000
542, 0:0:54.200000
543, 0:0:54.300000
544, 0:0:54.400000
545, 0:0:54.500000
546, 0:0:54.600000
547, 0:0:54.700000
548, 0:0:54.800000
549, 0:0:54.900000
550, 0:0:55.000000
551, 0:0:55.100000
552, 0:0:55.200000
553, 0:0:55.300000
554, 0:0:55.400000
555, 0:0:55.500000
556, 0:0:55.600000
557, 0:0:55.700000
558, 0:0:55.800000
559, 0:0:55.900000
560, 0:0:56.000000
561, 0:0:56.100000
562, 0:0:56.200000
563, 0:0:56.300000
564, 0:0:56.400000
565, 0:0:56.500000
566, 0:0:56.600000
567, 0:0:56.700000
568, 0:0:56.800000
569, 0:0:56.900000
570, 0:0:57.000000
571, 0:0:57.100000
572, 0:0:57.200000
573, 0:0:57.300000
574, 0:0:57.400000
575, 0:0:57.500000
576, 0:0:57.600000
577, 0:0:57.700000
578, 0:0:57.800000
579, 0:0:57.900000
580, 0:0:58.000000
581, 0:0:58.100000
582, 0:0:58.200000
583, 0:0:58.300000
584, 0:0:58.400000
585, 0:0:58.500000
586, 0:0:58.600000
587, 0:0:58.700000
588, 0:0:58.800000
589, 0:0:58.900000
590, 0:0:59.000000
591, 0:0:59.100000
592, 0:0:59.200000
593, 0:0:59.300000
594, 0:0:59.400000
595, 0:0:59.500000
596, 0:0:59.600000
597, 0:0:59.700000
598, 0:0:59.800000
599, 0:0:59.900000
600, 0:1:0.000000
601, 0:1:0.100000
602, 0:1:0.200000
603, 0:1:0.300000
604, 0:1:0.400000
605, 0:1:0.500000
606, 0:1:0.600000
607, 0:1:0.700000
608, 0:1:0.800000
609, 0:1:0.900000
610, 0:1:1.000000
611, 0:1:1.100000
612, 0:1:1.200000
613, 0:1:1.300000
614, 0:1:1.400000
615, 0:1:1.500000
616, 0:1:1.600000
617, 0:1:1.700000
618, 0:1:1.800000
619, 0:1:1.900000
620, 0:1:2.000000
621, 0:1:2.100000
622, 0:1:2.200000
623, 0:1:2.300000
624, 0:1:2.400000
625, 0:1:2.500000
626, 0:1:2.600000
627, 0:1:2.700000
628, 0:1:2.800000
629, 0:1:2.900000
630, 0:1:3.000000
631, 0:1:3.100000
632, 0:1:3.200000
633, 0:1:3.300000
634, 0:1:3.400000
635, 0:1:3.500000
636, 0:1:3.600000
637, 0:1:3.700000
638, 0:1:3.800000
639, 0:1:3.900000
640, 0:1:4.000000
641, 0:1:4.100000
642, 0:1:4.200000
643, 0:1:4.300000
644, 0:1:4.400000
645, 0:1:4.500000
646, 0:1:4.600000
647, 0:1:4.700000
648, 0:1:4.800000
649, 0:1:4.900000
650, 0:1:5.000000
651, 0:1:5.100000
652, 0:1:5.200000
653, 0:1:5.300000
654, 0:1:5.400000
655, 0:1:5.500000
656, 0:1:5.600000
657, 0:1:5.700000
658, 0:1:5.800000
659, 0:1:5.900000
660, 0:1:6.000000
661, 0:1:6.100000
662, 0:1:6.200000
663, 0:1:6.300000
664, 0:1:6.400000
665, 0:1:6.500000
666, 0:1:6.600000
667, 0:1:6.700000
668, 0:1:6.800000
669, 0:1:6.900000
670, 0:1:7.000000
671, 0:1:7.100000
672, 0:1:7.200000
673, 0:1:7.300000
674, 0:1:7.400000
675, 0:1:7.500000
676, 0:1:7.600000
677, 0:1:7.700000
678, 0:1:7.800000
679, 0:1:7.900000
680, 0:1:8.000000
681, 0:1:8.100000
682, 0:1:8.200000
683, 0:1:8.300000
684, 0:1:8.400000
685, 0:1:8.500000
686, 0:1:8.600000
687, 0:1:8.700000
688, 0:1:8.800000
689, 0:1:8.900000
690, 0:1:9.000000
691, 0:1:9.100000
692, 0:1:9.200000
693, 0:1:9.300000
694, 0:1:9.400000
695, 0:1:9.500000
696, 0:1:9.600000
697, 0:1:9.700000
698, 0:1:9.800000
699, 0:1:9.900000
700, 0:1:10.000000
701, 0:1:10.100000
702, 0:1:10.200000
703, 0:1:10.300000
704, 0:1:10.400000
705, 0:1:10.500000
706, 0:1:10.600000
707, 0:1:10.700000
708, 0:1:10.800000
709, 0:1:10.900000
710, 0:1:11.000000
711, 0:1:11.100000
712, 0:1:11.200000
713, 0:1:11.300000
714, 0:1:11.400000
715, 0:1:11.500000
716, 0:1:11.600000
717, 0:1:11.700000
718, 0:1:11.800000
719, 0:1:11.900000
720, 0:1:12.000000
721, 0:1:12.100000
722, 0:1:12.200000
723, 0:1:12.300000
724, 0:1:12.400000
725, 0:1:12.500000
726, 0:1:12.600000
727, 0:1:12.700000
728, 0:1:12.800000
729, 0:1:12.900000
730, 0:1:13.000000
731, 0:1:13.100000
732, 0:1:13.200000
733, 0:1:13.300000
734, 0:1:13.400000
735, 0:1:13.500000
736, 0:1:13.600000
737, 0:1:13.700000
738, 0:1:13.800000
739, 0:1:13.900000
740, 0:1:14.000000
741, 0:1:14.100000
742, 0:1:14.200000
743, 0:1:14.300000
744, 0:1:14.400000
745, 0:1:14.500000
746, 0:1:14.600000
747, 0:1:14.700000
748, 0:1:14.800000
749, 0:1:14.900000
750, 0:1:15.000000
751, 0:1:15.100000
752, 0:1:15.200000
753, 0:1:15.300000
754, 0:1:15.400000
755, 0:1:15.500000
756, 0:1:15.600000
757, 0:1:15.700000
758, 0:1:15.800000
759, 0:1:15.900000
760, 0:1:16.000000
761, 0:1:16.100000
762, 0:1:16.200000
763, 0:1:16.300000
764, 0:1:16.400000
765, 0:1:16.500000
766, 0:1:16.600000
767, 0:1:16.700000
768, 0:1:16.800000
769, 0:1:16.900000
770, 0:1:17.000000
771, 0:1:17.100000
772, 0:1:17.200000
773, 0:1:17.300000
774, 0:1:17.400000
775, 0:1:17.500000
776, 0:1:17.600000
777, 0:1:17.700000
778, 0:1:17.800000
779, 0:1:17.900000
780, 0:1:18.000000
781, 0:1:18.100000
782, 0:1:18.200000
783, 0:1:18.300000
784, 0:1:18.400000
785, 0:1:18.500000
786, 0:1:18.600000
787, 0:1:18.700000
788, 0:1:18.800000
789, 0:1:18.900000
790, 0:1:19.000000
791, 0:1:19.100000
792, 0:1:19.200000
793, 0:1:19.300000
794, 0:1:19.400000
795, 0:1:19.500000
796, 0:1:19.600000
797, 0:1:19.700000
798, 0:1:19.800000
799, 0:1:19.900000
800, 0:1:20.000000
801, 0:1:20.100000
802, 0:1:20.200000
803, 0:1:20.300000
804, 0:1:20.400000
805, 0:1:20.500000
806, 0:1:20.600000
807, 0:1:20.700000
808, 0:1:20.800000
809, 0:1:20.900000
810, 0:1:21.000000
811, 0:1:21.100000
812, 0:1:21.200000
813, 0:1:21.300000
814, 0:1:21.400000
815, 0:1:21.500000
816, 0:1:21.600000
817, 0:1:21.700000
818, 0:1:21.800000
819, 0:1:21.900000
820, 0:1:22.000000
821, 0:1:22.100000
822, 0:1:22.200000
823, 0:1:22.300000
824, 0:1:22.400000
825, 0:1:22.500000
826, 0:1:22.600000
827, 0:1:22.700000
828, 0:1:22.800000
829, 0:1:22.900000
830, 0:1:23.000000
831, 0:1:23.100000
832, 0:1:23.200000
833, 0:1:23.300000
834, 0:1:23.400000
835, 0:1:23.500000
836, 0:1:23.600000
837, 0:1:23.700000
838, 0:1:23.800000
839, 0:1:23.900000
840, 0:1:24.000000
841, 0:1:24.100000
842, 0:1:24.200000
843, 0:1:24.300000
844, 0:1:24.400000
845, 0:1:24.500000
846, 0:1:24.600000
847, 0:1:24.700000
848, 0:1:24.800000
849, 0:1:24.900000
850, 0:1:25.000000
851, 0:1:25.100000
852, 0:1:25.200000
853, 0:1:25.300000
854, 0:1:25.400000
855, 0:1:25.500000
856, 0:1:25.600000
857, 0:1:25.700000
858, 0:1:25.800000
859, 0:1:25.900000
860, 0:1:26.000000
861, 0:1:26.100000
862, 0:1:26.200000
863, 0:1:26.300000
864, 0:1:26.400000
865, 0:1:26.500000
866, 0:1:26.600000
867, 0:1:26.700000
868, 0:1:26.800000
869, 0:1:26.900000
870, 0:1:27.000000
871, 0:1:27.100000
872, 0:1:27.200000
873, 0:1:27.300000
874, 0:1:27.400000
875, 0:1:27.500000
876, 0:1:27.600000
877, 0:1:27.700000
878, 0:1:27.800000
879, 0:1:27.900000
880, 0:1:28.000000
881, 0:1:28.100000
882, 0:1:28.200000
883, 0:1:28.300000
884, 0:1:28.400000
885, 0:1:28.500000
886, 0:1:28.600000
887, 0:1:28.700000
888, 0:1:28.800000
889, 0:1:28.900000
890, 0:1:29.000000
891, 0:1:29.100000
892, 0:1:29.200000
893, 0:1:29.300000
894, 0:1:29.400000
895, 0:1:29.500000
896, 0:1:29.600000
897, 0:1:29.700000
898, 0:1:29.800000
899, 0:1:29.900000
900, 0:1:30.000000
901, 0:1:30.100000
902, 0:1:30.200000
903, 0:1:30.300000
904, 0:1:30.400000
905, 0:1:30.500000
906, 0:1:30.600000
907, 0:1:30.700000
908, 0:1:30.800000
909, 0:1:30.900000
910, 0:1:31.000000
911, 0:1:31.100000
912, 0:1:31.200000
913, 0:1:31.300000
914, 0:1:31.400000
915, 0:1:31.500000
916, 0:1:31.600000
917, 0:1:31.700000
918, 0:1:31.800000
919, 0:1:31.900000
920, 0:1:32.000000
921, 0:1:32.100000
922, 0:1:32.200000
923, 0:1:32.300000
924, 0:1:32.400000
925, 0:1:32.500000
926, 0:1:32.600000
927, 0:1:32.700000
928, 0:1:32.800000
929, 0:1:32.900000
930, 0:1:33.000000
931, 0:1:33.100000
932, 0:1:33.200000
933, 0:1:33.300000
934, 0:1:33.400000
935, 0:1:33.500000
936, 0:1:33.600000
937, 0:1:33.700000
938, 0:1:33.800000
939, 0:1:33.900000
940, 0:1:34.000000
941, 0:1:34.100000
942, 0:1:34.200000
943, 0:1:34.300000
944, 0:1:34.400000
945, 0:1:34.500000
946, 0:1:34.600000
947, 0:1:34.700000
948, 0:1:34.800000
949, 0:1:34.900000
950, 0:1:35.000000
951, 0:1:35.100000
952, 0:1:35.200000
953, 0:1:35.300000
954, 0:1:35.400000
955, 0:1:35.500000
956, 0:1:35.600000
957, 0:1:35.700000
958, 0:1:35.800000
959, 0:1:35.900000
960, 0:1:36.000000
961, 0:1:36.100000
962, 0:1:36.200000
963, 0:1:36.300000
964, 0:1:36.400000
965, 0:1:36.500000
966, 0:1:36.600000
967, 0:1:36.700000
968, 0:1:36.800000
969, 0:1:36.900000
970, 0:1:37.000000
971, 0:1:37.100000
972, 0:1:37.200000
973, 0:1:37.300000
974, 0:1:37.400000
975, 0:1:37.500000
976, 0:1:37.600000
977, 0:1:37.700000
978, 0:1:37.800000
979, 0:1:37.900000
980, 0:1:38.000000
981, 0:1:38.100000
982, 0:1:38.200000
983, 0:1:38.300000
984, 0:1:38.400000
985, 0:1:38.500000
986, 0:1:38.600000
987, 0:1:38.700000
988, 0:1:38.800000
989, 0:1:38.900000
990, 0:1:39.000000
991, 0:1:39.100000
992, 0:1:39.200000
993, 0:1:39.300000
994, 0:1:39.400000
995, 0:1:39.500000
996, 0:1:39.600000
997, 0:1:39.700000
998, 0:1:39.800000
999, 0:1:39.900000
1000, 0:1:40.000000
1001, 0:1:40.100000
1002, 0:1:40.200000
1003, 0:1:40.300000
1004, 0:1:40.400000
1005, 0:1:40.500000
1006, 0:1:40.600000
1007, 0:1:40.700000
1008, 0:1:40.800000
1009, 0:1:40.900000
1010, 0:1:41.000000
1011, 0:1:41.100000
1012, 0:1:41.200000
1013, 0:1:41.300000
1014, 0:1:41.400000
1015, 0:1:41.500000
1016, 0:1:41.600000
1017, 0:1:41.700000
1018, 0:1:41.800000
1019, 0:1:41.900000
1020, 0:1:42.000000
1021, 0:1:42.100000
1022, 0:1:42.200000
1023, 0:1:42.300000
1024, 0:1:42.400000
1025, 0:1:42.500000
1026, 0:1:42.600000
1027, 0:1:42.700000
1028, 0:1:42.800000
1029, 0:1:42.900000
1030, 0:1:43.000000
1031, 0:1:43.100000
1032, 0:1:43.200000
1033, 0:1:43.300000
1034, 0:1:43.400000
1035, 0:1:43.500000
1036, 0:1:43.600000
1037, 0:1:43.700000
1038, 0:1:43.800000
1039, 0:1:43.900000
1040, 0:1:44.000000
1041, 0:1:44.100000
1042, 0:1:44.200000
1043, 0:1:44.300000
1044, 0:1:44.400000
1045, 0:1:44.500000
1046, 0:1:44.600000
1047, 0:1:44.700000
1048, 0:1:44.800000
1049, 0:1:44.900000
1050, 0:1:45.000000
1051, 0:1:45.100000
1052, 0:1:45.200000
1053, 0:1:45.300000
1054, 0:1:45.400000
1055, 0:1:45.500000
1056, 0:1:45.600000
1057, 0:1:45.700000
1058, 0:1:45.800000
1059, 0:1:45.900000
1060, 0:1:46.000000
1061, 0:1:46.100000
1062, 0:1:46.200000
1063, 0:1:46.300000
1064, 0:1:46.400000
1065, 0:1:46.500000
1066, 0:1:46.600000
1067, 0:1:46.700000
1068, 0:1:46.800000
1069, 0:1:46.900000
1070, 0:1:47.000000
1071, 0:1:47.100000
1072, 0:1:47.200000
1073, 0:1:47.300000
1074, 0:1:47.400000
1075, 0:1:47.500000
1076, 0:1:47.600000
1077, 0:1:47.700000
1078, 0:1:47.800000
1079, 0:1:47.900000
1080, 0:1:48.000000
1081, 0:1:48.100000
1082, 0:1:48.200000
1083, 0:1:48.300000
1084, 0:1:48.400000
1085, 0:1:48.500000
1086, 0:1:48.600000
1087, 0:1:48.700000
1088, 0:1:48.800000
1089, 0:1:48.900000
1090, 0:1:49.000000
1091, 0:1:49.100000
1092, 0:1:49.200000
1093, 0:1:49.300000
1094, 0:1:49.400000
1095, 0:1:49.500000
1096, 0:1:49.600000
1097, 0:1:49.700000
1098, 0:1:49.800000
1099, 0:1:49.900000
1100, 0:1:50.000000
1101, 0:1:50.100000
1102, 0:1:50.200000
1103, 0:1:50.300000
1104, 0:1:50.400000
1105, 0:1:50.500000
1106, 0:1:50.600000
1107, 0:1:50.700000
1108, 0:1:50.800000
1109, 0:1:50.900000
1110, 0:1:51.000000
1111, 0:1:51.100000
1112, 0:1:51.200000
1113, 0:1:51.300000
1114, 0:1:51.400000
1115, 0:1:51.500000
1116, 0:1:51.600000
1117, 0:1:51.700000
1118, 0:1:51.800000
1119, 0:1:51.900000
1120, 0:1:52.000000
1121, 0:1:52.100000
1122, 0:1:52.200000
1123, 0:1:52.300000
1124, 0:1:52.400000
1125, 0:1:52.500000
1126, 0:1:52.600000
1127, 0:1:52.700000
1128, 0:1:52.800000
1129, 0:1:52.900000
1130, 0:1:53.000000
1131, 0:1:53.100000
1132, 0:1:53.200000
1133, 0:1:53.300000
1134, 0:1:53.400000
1135, 0:1:53.500000
1136, 0:1:53.600000
1137, 0:1:53.700000
1138, 0:1:53.800000
1139, 0:1:53.900000
1140, 0:1:54.000000
1141, 0:1:54.100000
1142, 0:1:54.200000
1143, 0:1:54.300000
1144, 0:1:54.400000
1145, 0:1:54.500000
1146, 0:1:54.600000
1147, 0:1:54.700000
1148, 0:1:54.800000
1149, 0:1:54.900000
1150, 0:1:55.000000
1151, 0:1:55.100000
1152, 0:1:55.200000
1153, 0:1:55.300000
1154, 0:1:55.400000
1155, 0:1:55.500000
1156, 0:1:55.600000
1157, 0:1:55.700000
1158, 0:1:55.800000
1159, 0:1:55.900000
1160, 0:1:56.000000
1161, 0:1:56.100000
1162, 0:1:56.200000
1163, 0:1:56.300000
1164, 0:1:56.400000
1165, 0:1:56.500000
1166, 0:1:56.600000
1167, 0:1:56.700000
1168, 0:1:56.800000
1169, 0:1:56.900000
1170, 0:1:57.000000
1171, 0:1:57.100000
1172, 0:1:57.200000
1173, 0:1:57.300000
1174, 0:1:57.400000
1175, 0:1:57.500000
1176, 0:1:57.600000
1177, 0:1:57.700000
1178, 0:1:57.800000
1179, 0:1:57.900000
1180, 0:1:58.000000
1181, 0:1:58.100000
1182, 0:1:58.200000
1183, 0:1:58.300000
1184, 0:1:58.400000
1185, 0:1:58.500000
1186, 0:1:58.600000
1187, 0:1:58.700000
1188, 0:1:58.800000
1189, 0:1:58.900000
1190, 0:1:59.000000
1191, 0:1:59.100000
1192, 0:1:59.200000
1193, 0:1:59.300000
1194, 0:1:59.400000
1195, 0:1:59.500000
1196, 0:1:59.600000
1197, 0:1:59.700000
1198, 0:1:59.800000
1199, 0:1:59.900000
1200, 0:2:0.000000
1201, 0:2:0.100000
1202, 0:2:0.200000
1203, 0:2:0.300000
1204, 0:2:0.400000
1205, 0:2:0.500000
1206, 0:2:0.600000
1207, 0:2:0.700000
1208, 0:2:0.800000
1209, 0:2:0.900000
1210, 0:2:1.000000
1211, 0:2:1.100000
1212, 0:2:1.200000
1213, 0:2:1.300000
1214, 0:2:1.400000
1215, 0:2:1.500000
1216, 0:2:1.600000
1217, 0:2:1.700000
1218, 0:2:1.800000
1219, 0:2:1.900000
1220, 0:2:2.000000
1221, 0:2:2.100000
1222, 0:2:2.200000
1223, 0:2:2.300000
1224, 0:2:2.400000
1225, 0:2:2.500000
1226, 0:2:2.600000
1227, 0:2:2.700000
1228, 0:2:2.800000
1229, 0:2:2.900000
1230, 0:2:3.000000
1231, 0:2:3.100000
1232, 0:2:3.200000
1233, 0:2:3.300000
1234, 0:2:3.400000
1235, 0:2:3.500000
1236, 0:2:3.600000
1237, 0:2:3.700000
1238, 0:2:3.800000
1239, 0:2:3.900000
1240, 0:2:4.000000
1241, 0:2:4.100000
1242, 0:2:4.200000
1243, 0:2:4.300000
1244, 0:2:4.400000
1245, 0:2:4.500000
1246, 0:2:4.600000
1247, 0:2:4.700000
1248, 0:2:4.800000
1249, 0:2:4.900000
1250, 0:2:5.000000
1251, 0:2:5.100000
1252, 0:2:5.200000
1253, 0:2:5.300000
1254, 0:2:5.400000
1255, 0:2:5.500000
1256, 0:2:5.600000
1257, 0:2:5.700000
1258, 0:2:5.800000
1259, 0:2:5.900000
1260, 0:2:6.000000
1261, 0:2:6.100000
1262, 0:2:6.200000
1263, 0:2:6.300000
1264, 0:2:6.400000
1265, 0:2:6.500000
1266, 0:2:6.600000
1267, 0:2:6.700000
1268, 0:2:6.800000
1269, 0:2:6.900000
1270, 0:2:7.000000
1271, 0:2:7.100000
1272, 0:2:7.200000
1273, 0:2:7.300000
1274, 0:2:7.400000
1275, 0:2:7.500000
1276, 0:2:7.600000
1277, 0:2:7.700000
1278, 0:2:7.800000
1279, 0:2:7.900000
1280, 0:2:8.000000
1281, 0:2:8.100000
1282, 0:2:8.200000
1283, 0:2:8.300000
1284, 0:2:8.400000
1285, 0:2:8.500000
1286, 0:2:8.600000
1287, 0:2:8.700000
1288, 0:2:8.800000
1289, 0:2:8.900000
1290, 0:2:9.000000
1291, 0:2:9.100000
1292, 0:2:9.200000
1293, 0:2:9.300000
1294, 0:2:9.400000
1295, 0:2:9.500000
1296, 0:2:9.600000
1297, 0:2:9.700000
1298, 0:2:9.800000
1299, 0:2:9.900000
1300, 0:2:10.000000
1301, 0:2:10.100000
1302, 0:2:10.200000
1303, 0:2:10.300000
1304, 0:2:10.400000
1305, 0:2:10.500000
1306, 0:2:10.600000
1307, 0:2:10.700000
1308, 0:2:10.800000
1309, 0:2:10.900000
1310, 0:2:11.000000
1311, 0:2:11.100000
1312, 0:2:11.200000
1313, 0:2:11.300000
1314, 0:2:11.400000
1315, 0:2:11.500000
1316, 0:2:11.600000
1317, 0:2:11.700000
1318, 0:2:11.800000
1319, 0:2:11.900000
1320, 0:2:12.000000
1321, 0:2:12.100000
1322, 0:2:12.200000
1323, 0:2:12.300000
1324, 0:2:12.400000
1325, 0:2:12.500000
1326, 0:2:12.600000
1327, 0:2:12.700000
1328, 0:2:12.800000
1329, 0:2:12.900000
1330, 0:2:13.000000
1331, 0:2:13.100000
1332, 0:2:13.200000
1333, 0:2:13.300000
1334, 0:2:13.400000
1335, 0:2:13.500000
1336, 0:2:13.600000
1337, 0:2:13.700000
1338, 0:2:13.800000
1339, 0:2:13.900000
1340, 0:2:14.000000
1341, 0:2:14.100000
1342, 0:2:14.200000
1343, 0:2:14.300000
1344, 0:2:14.400000
1345, 0:2:14.500000
1346, 0:2:14.600000
1347, 0:2:14.700000
1348, 0:2:14.800000
1349, 0:2:14.900000
1350, 0:2:15.000000
1351, 0:2:15.100000
1352, 0:2:15.200000
1353, 0:2:15.300000
1354, 0:2:15.400000
1355, 0:2:15.500000
1356, 0:2:15.600000
1357, 0:2:15.700000
1358, 0:2:15.800000
1359, 0:2:15.900000
1360, 0:2:16.000000
1361, 0:2:16.100000
1362, 0:2:16.200000
1363, 0:2:16.300000
1364, 0:2:16.400000
1365, 0:2:16.500000
1366, 0:2:16.600000
1367, 0:2:16.700000
1368, 0:2:16.800000
1369, 0:2:16.900000
1370, 0:2:17.000000
1371, 0:2:17.100000
1372, 0:2:17.200000
1373, 0:2:17.300000
1374, 0:2:17.400000
1375, 0:2:17.500000
1376, 0:2:17.600000
1377, 0:2:17.700000
1378, 0:2:17.800000
1379, 0:2:17.900000
1380, 0:2:18.000000
1381, 0:2:18.100000
1382, 0:2:18.200000
1383, 0:2:18.300000
1384, 0:2:18.400000
1385, 0:2:18.500000
1386, 0:2:18.600000
1387, 0:2:18.700000
1388, 0:2:18.800000
1389, 0:2:18.900000
1390, 0:2:19.000000
1391, 0:2:19.100000
1392, 0:2:19.200000
1393, 0:2:19.300000
1394, 0:2:19.400000
1395, 0:2:19.500000
1396, 0:2:19.600000
1397, 0:2:19.700000
1398, 0:2:19.800000
1399, 0:2:19.900000
1400, 0:2:20.000000
1401, 0:2:20.100000
1402, 0:2:20.200000
1403, 0:2:20.300000
1404, 0:2:20.400000
1405, 0:2:20.500000
1406, 0:2:20.600000
1407, 0:2:20.700000
1408, 0:2:20.800000
1409, 0:2:20.900000
1410, 0:2:21.000000
1411, 0:2:21.100000
1412, 0:2:21.200000
1413, 0:2:21.300000
1414, 0:2:21.400000
1415, 0:2:21.500000
1416, 0:2:21.600000
1417, 0:2:21.700000
1418, 0:2:21.800000
1419, 0:2:21.900000
1420, 0:2:22.000000
1421, 0:2:22.100000
1422, 0:2:22.200000
1423, 0:2:22.300000
1424, 0:2:22.400000
1425, 0:2:22.500000
1426, 0:2:22.600000
1427, 0:2:22.700000
1428, 0:2:22.800000
1429, 0:2:22.900000
1430, 0:2:23.000000
1431, 0:2:23.100000
1432, 0:2:23.200000
1433, 0:2:23.300000
1434, 0:2:23.400000
1435, 0:2:23.500000
1436, 0:2:23.600000
1437, 0:2:23.700000
1438, 0:2:23.800000
1439, 0:2:23.900000
1440, 0:2:24.000000
1441, 0:2:24.100000
1442, 0:2:24.200000
1443, 0:2:24.300000
1444, 0:2:24.400000
1445, 0:2:24.500000
1446, 0:2:24.600000
1447, 0:2:24.700000
1448, 0:2:24.800000
1449, 0:2:24.900000
1450, 0:2:25.000000
1451, 0:2:25.100000
1452, 0:2:25.200000
1453, 0:2:25.300000
1454, 0:2:25.400000
1455, 0:2:25.500000
1456, 0:2:25.600000
1457, 0:2:25.700000
1458, 0:2:25.800000
1459, 0:2:25.900000
1460, 0:2:26.000000
1461, 0:2:26.100000
1462, 0:2:26.200000
1463, 0:2:26.300000
1464, 0:2:26.400000
1465, 0:2:26.500000
1466, 0:2:26.600000
1467, 0:2:26.700000
1468, 0:2:26.800000
1469, 0:2:26.900000
1470, 0:2:27.000000
1471, 0:2:27.100000
1472, 0:2:27.200000
1473, 0:2:27.300000
1474, 0:2:27.400000
1475, 0:2:27.500000
1476, 0:2:27.600000
1477, 0:2:27.700000
1478, 0:2:27.800000
1479, 0:2:27.900000
1480, 0:2:28.000000
1481, 0:2:28.100000
1482, 0:2:28.200000
1483, 0:2:28.300000
1484, 0:2:28.400000
1485, 0:2:28.500000
1486, 0:2:28.600000
1487, 0:2:28.700000
1488, 0:2:28.800000
1489, 0:2:28.900000
1490, 0:2:29.000000
1491, 0:2:29.100000
1492, 0:2:29.200000
1493, 0:2:29.300000
1494, 0:2:29.400000
1495, 0:2:29.500000
1496, 0:2:29.600000
1497, 0:2:29.700000
1498, 0:2:29.800000
1499, 0:2:29.900000
1500, 0:2:30.000000
1501, 0:2:30.100000
1502, 0:2:30.200000
1503, 0:2:30.300000
1504, 0:2:30.400000
1505, 0:2:30.500000
1506, 0:2:30.600000
1507, 0:2:30.700000
1508, 0:2:30.800000
1509, 0:2:30.900000
1510, 0:2:31.000000
1511, 0:2:31.100000
1512, 0:2:31.200000
1513, 0:2:31.300000
1514, 0:2:31.400000
1515, 0:2:31.500000
1516, 0:2:31.600000
1517, 0:2:31.700000
1518, 0:2:31.800000
1519, 0:2:31.900000
1520, 0:2:32.000000
1521, 0:2:32.100000
1522, 0:2:32.200000
1523, 0:2:32.300000
1524, 0:2:32.400000
1525, 0:2:32.500000
1526, 0:2:32.600000
1527, 0:2:32.700000
1528, 0:2:32.800000
1529, 0:2:32.900000
1530, 0:2:33.000000
1531, 0:2:33.100000
1532, 0:2:33.200000
1533, 0:2:33.300000
1534, 0:2:33.400000
1535, 0:2:33.500000
1536, 0:2:33.600000
1537, 0:2:33.700000
1538, 0:2:33.800000
1539, 0:2:33.900000
1540, 0:2:34.000000
1541, 0:2:34.100000
1542, 0:2:34.200000
1543, 0:2:34.300000
1544, 0:2:34.400000
1545, 0:2:34.500000
1546, 0:2:34.600000
1547, 0:2:34.700000
1548, 0:2:34.800000
1549, 0:2:34.900000
1550, 0:2:35.000000
1551, 0:2:35.100000
1552, 0:2:35.200000
1553, 0:2:35.300000
1554, 0:2:35.400000
1555, 0:2:35.500000
1556, 0:2:35.600000
1557, 0:2:35.700000
1558, 0:2:35.800000
1559, 0:2:35.900000
1560, 0:2:36.000000
1561, 0:2:36.100000
1562, 0:2:36.200000
1563, 0:2:36.300000
1564, 0:2:36.400000
1565, 0:2:36.500000
1566, 0:2:36.600000
1567, 0:2:36.700000
1568, 0:2:36.800000
1569, 0:2:36.900000
1570, 0:2:37.000000
1571, 0:2:37.100000
1572, 0:2:37.200000
1573, 0:2:37.300000
1574, 0:2:37.400000
1575, 0:2:37.500000
1576, 0:2:37.600000
1577, 0:2:37.700000
1578, 0:2:37.800000
1579, 0:2:37.900000
1580, 0:2:38.000000
1581, 0:2:38.100000
1582, 0:2:38.200000
1583, 0:2:38.300000
1584, 0:2:38.400000
1585, 0:2:38.500000
1586, 0:2:38.600000
1587, 0:2:38.700000
1588, 0:2:38.800000
1589, 0:2:38.900000
1590, 0:2:39.000000
1591, 0:2:39.100000
1592, 0:2:39.200000
1593, 0:2:39.300000
1594, 0:2:39.400000
1595, 0:2:39.500000
1596, 0:2:39.600000
1597, 0:2:39.700000
1598, 0:2:39.800000
1599, 0:2:39.900000
1600, 0:2:40.000000
1601, 0:2:40.100000
1602, 0:2:40.200000
1603, 0:2:40.300000
1604, 0:2:40.400000
1605, 0:2:40.500000
1606, 0:2:40.600000
1607, 0:2:40.700000
1608, 0:2:40.800000
1609, 0:2:40.900000
1610, 0:2:41.000000
1611, 0:2:41.100000
1612, 0:2:41.200000
1613, 0:2:41.300000
1614, 0:2:41.400000
1615, 0:2:41.500000
1616, 0:2:41.600000
1617, 0:2:41.700000
1618, 0:2:41.800000
1619, 0:2:41.900000
1620, 0:2:42.000000
1621, 0:2:42.100000
1622, 0:2:42.200000
1623, 0:2:42.300000
1624, 0:2:42.400000
1625, 0:2:42.500000
1626, 0:2:42.600000
1627, 0:2:42.700000
1628, 0:2:42.800000
1629, 0:2:42.900000
1630, 0:2:43.000000
1631, 0:2:43.100000
1632, 0:2:43.200000
1633, 0:2:43.300000
1634, 0:2:43.400000
1635, 0:2:43.500000
1636, 0:2:43.600000
1637, 0:2:43.700000
1638, 0:2:43.800000
1639, 0:2:43.900000
1640, 0:2:44.000000
1641, 0:2:44.100000
1642, 0:2:44.200000
1643, 0:2:44.300000
1644, 0:2:44.400000
1645, 0:2:44.500000
1646, 0:2:44.600000
1647, 0:2:44.700000
1648, 0:2:44.800000
1649, 0:2:44.900000
1650, 0:2:45.000000
1651, 0:2:45.100000
1652, 0:2:45.200000
1653, 0:2:45.300000
1654, 0:2:45.400000
1655, 0:2:45.500000
1656, 0:2:45.600000
1657, 0:2:45.700000
1658, 0:2:45.800000
1659, 0:2:45.900000
1660, 0:2:46.000000
1661, 0:2:46.100000
1662, 0:2:46.200000
1663, 0:2:46.300000
1664, 0:2:46.400000
1665, 0:2:46.500000
1666, 0:2:46.600000
1667, 0:2:46.700000
1668, 0:2:46.800000
1669, 0:2:46.900000
1670, 0:2:47.000000
1671, 0:2:47.100000
1672, 0:2:47.200000
1673, 0:2:47.300000
1674, 0:2:47.400000
1675, 0:2:47.500000
1676, 0:2:47.600000
1677, 0:2:47.700000
1678, 0:2:47.800000
1679, 0:2:47.900000
1680, 0:2:48.000000
1681, 0:2:48.100000
1682, 0:2:48.200000
1683, 0:2:48.300000
1684, 0:2:48.400000
1685, 0:2:48.500000
1686, 0:2:48.600000
1687, 0:2:48.700000
1688, 0:2:48.800000
1689, 0:2:48.900000
1690, 0:2:49.000000
1691, 0:2:49.100000
1692, 0:2:49.200000
1693, 0:2:49.300000
1694, 0:2:49.400000
1695, 0:2:49.500000
1696, 0:2:49.600000
1697, 0:2:49.700000
1698, 0:2:49.800000
1699, 0:2:49.900000
1700, 0:2:50.000000
1701, 0:2:50.100000
1702, 0:2:50.200000
1703, 0:2:50.300000
1704, 0:2:50.400000
1705, 0:2:50.500000
1706, 0:2:50.600000
1707, 0:2:50.700000
1708, 0:2:50.800000
1709, 0:2:50.900000
1710, 0:2:51.000000
1711, 0:2:51.100000
1712, 0:2:51.200000
1713, 0:2:51.300000
1714, 0:2:51.400000
1715, 0:2:51.500000
1716, 0:2:51.600000
1717, 0:2:51.700000
1718, 0:2:51.800000
1719, 0:2:51.900000
1720, 0:2:52.000000
1721, 0:2:52.100000
1722, 0:2:52.200000
1723, 0:2:52.300000
1724, 0:2:52.400000
1725, 0:2:52.500000
1726, 0:2:52.600000
1727, 0:2:52.700000
1728, 0:2:52.800000
1729, 0:2:52.900000
1730, 0:2:53.000000
1731, 0:2:53.100000
1732, 0:2:53.200000
1733, 0:2:53.300000
1734, 0:2:53.400000
1735, 0:2:53.500000
1736, 0:2:53.600000
1737, 0:2:53.700000
1738, 0:2:53.800000
1739, 0:2:53.900000
1740, 0:2:54.000000
1741, 0:2:54.100000
1742, 0:2:54.200000
1743, 0:2:54.300000
1744, 0:2:54.400000
1745, 0:2:54.500000
1746, 0:2:54.600000
1747, 0:2:54.700000
1748, 0:2:54.800000
1749, 0:2:54.900000
1750, 0:2:55.000000
1751, 0:2:55.100000
1752, 0:2:55.200000
1753, 0:2:55.300000
1754, 0:2:55.400000
1755, 0:2:55.500000
1756, 0:2:55.600000
1757, 0:2:55.700000
1758, 0:2:55.800000
1759, 0:2:55.900000
1760, 0:2:56.000000
1761, 0:2:56.100000
1762, 0:2:56.200000
1763, 0:2:56.300000
1764, 0:2:56.400000
1765, 0:2:56.500000
1766, 0:2:56.600000
1767, 0:2:56.700000
1768, 0:2:56.800000
1769, 0:2:56.900000
1770, 0:2:57.000000
1771, 0:2:57.100000
1772, 0:2:57.200000
1773, 0:2:57.300000
1774, 0:2:57.400000
1775, 0:2:57.500000
1776, 0:2:57.600000
1777, 0:2:57.700000
1778, 0:2:57.800000
1779, 0:2:57.900000
1780, 0:2:58.000000
1781, 0:2:58.100000
1782, 0:2:58.200000
1783, 0:2:58.300000
1784, 0:2:58.400000
1785, 0:2:58.500000
1786, 0:2:58.600000
1787, 0:2:58.700000
1788, 0:2:58.800000
1789, 0:2:58.900000
1790, 0:2:59.000000
1791, 0:2:59.100000
1792, 0:2:59.200000
1793, 0:2:59.300000
1794, 0:2:59.400000
1795, 0:2:59.500000
1796, 0:2:59.600000
1797, 0:2:59.700000
1798, 0:2:59.800000
1799, 0:2:59.900000
1800, 0:3:0.000000
1801, 0:3:0.100000
1802, 0:3:0.200000
1803, 0:3:0.300000
1804, 0:3:0.400000
1805, 0:3:0.500000
1806, 0:3:0.600000
1807, 0:3:0.700000
1808, 0:3:0.800000
1809, 0:3:0.900000
1810, 0:3:1.000000
1811, 0:3:1.100000
1812, 0:3:1.200000
1813, 0:3:1.300000
1814, 0:3:1.400000
1815, 0:3:1.500000
1816, 0:3:1.600000
1817, 0:3:1.700000
1818, 0:3:1.800000
1819, 0:3:1.900000
1820, 0:3:2.000000
1821, 0:3:2.100000
1822, 0:3:2.200000
1823, 0:3:2.300000
1824, 0:3:2.400000
1825, 0:3:2.500000
1826, 0:3:2.600000
1827, 0:3:2.700000
1828, 0:3:2.800000
1829, 0:3:2.900000
1830, 0:3:3.000000
1831, 0:3:3.100000
1832, 0:3:3.200000
1833, 0:3:3.300000
1834, 0:3:3.400000
1835, 0:3:3.500000
1836, 0:3:3.600000
1837, 0:3:3.700000
1838, 0:3:3.800000
1839, 0:3:3.900000
1840, 0:3:4.000000
1841, 0:3:4.100000
1842, 0:3:4.200000
1843, 0:3:4.300000
1844, 0:3:4.400000
1845, 0:3:4.500000
1846, 0:3:4.600000
1847, 0:3:4.700000
1848, 0:3:4.800000
1849, 0:3:4.900000
1850, 0:3:5.000000
1851, 0:3:5.100000
1852, 0:3:5.200000
1853, 0:3:5.300000
1854, 0:3:5.400000
1855, 0:3:5.500000
1856, 0:3:5.600000
1857, 0:3:5.700000
1858, 0:3:5.800000
1859, 0:3:5.900000
1860, 0:3:6.000000
1861, 0:3:6.100000
1862, 0:3:6.200000
1863, 0:3:6.300000
1864, 0:3:6.400000
1865, 0:3:6.500000
1866, 0:3:6.600000
1867, 0:3:6.700000
1868, 0:3:6.800000
1869, 0:3:6.900000
1870, 0:3:7.000000
1871, 0:3:7.100000
1872, 0:3:7.200000
1873, 0:3:7.300000
1874, 0:3:7.400000
1875, 0:3:7.500000
1876, 0:3:7.600000
1877, 0:3:7.700000
1878, 0:3:7.800000
1879, 0:3:7.900000
1880, 0:3:8.000000
1881, 0:3:8.100000
1882, 0:3:8.200000
1883, 0:3:8.300000
1884, 0:3:8.400000
1885, 0:3:8.500000
1886, 0:3:8.600000
1887, 0:3:8.700000
1888, 0:3:8.800000
1889, 0:3:8.900000
1890, 0:3:9.000000
1891, 0:3:9.100000
1892, 0:3:9.200000
1893, 0:3:9.300000
1894, 0:3:9.400000
1895, 0:3:9.500000
1896, 0:3:9.600000
1897, 0:3:9.700000
1898, 0:3:9.800000
1899, 0:3:9.900000
1900, 0:3:10.000000
1901, 0:3:10.100000
1902, 0:3:10.200000
1903, 0:3:10.300000
1904, 0:3:10.400000
1905, 0:3:10.500000
1906, 0:3:10.600000
1907, 0:3:10.700000
1908, 0:3:10.800000
1909, 0:3:10.900000
1910, 0:3:11.000000
1911, 0:3:11.100000
1912, 0:3:11.200000
1913, 0:3:11.300000
1914, 0:3:11.400000
1915, 0:3:11.500000
1916, 0:3:11.600000
1917, 0:3:11.700000
1918, 0:3:11.800000
1919, 0:3:11.900000
1920, 0:3:12.000000
1921, 0:3:12.100000
1922, 0:3:12.200000
1923, 0:3:12.300000
1924, 0:3:12.400000
1925, 0:3:12.500000
1926, 0:3:12.600000
1927, 0:3:12.700000
1928, 0:3:12.800000
1929, 0:3:12.900000
1930, 0:3:13.000000
1931, 0:3:13.100000
1932, 0:3:13.200000
1933, 0:3:13.300000
1934, 0:3:13.400000
1935, 0:3:13.500000
1936, 0:3:13.600000
1937, 0:3:13.700000
1938, 0:3:13.800000
1939, 0:3:13.900000
1940, 0:3:14.000000
1941, 0:3:14.100000
1942, 0:3:14.200000
1943, 0:3:14.300000
1944, 0:3:14.400000
1945, 0:3:14.500000
1946, 0:3:14.600000
1947, 0:3:14.700000
1948, 0:3:14.800000
1949, 0:3:14.900000
1950, 0:3:15.000000
1951, 0:3:15.100000
1952, 0:3:15.200000
1953, 0:3:15.300000
1954, 0:3:15.400000
1955, 0:3:15.500000
1956, 0:3:15.600000
1957, 0:3:15.700000
1958, 0:3:15.800000
1959, 0:3:15.900000
1960, 0:3:16.000000
1961, 0:3:16.100000
1962, 0:3:16.200000
1963, 0:3:16.300000
1964, 0:3:16.400000
1965, 0:3:16.500000
1966, 0:3:16.600000
1967, 0:3:16.700000
1968, 0:3:16.800000
1969, 0:3:16.900000
1970, 0:3:17.000000
1971, 0:3:17.100000
1972, 0:3:17.200000
1973, 0:3:17.300000
1974, 0:3:17.400000
1975, 0:3:17.500000
1976, 0:3:17.600000
1977, 0:3:17.700000
1978, 0:3:17.800000
1979, 0:3:17.900000
1980, 0:3:18.000000
1981, 0:3:18.100000
1982, 0:3:18.200000
1983, 0:3:18.300000
1984, 0:3:18.400000
1985, 0:3:18.500000
1986, 0:3:18.600000
1987, 0:3:18.700000
1988, 0:3:18.800000
1989, 0:3:18.900000
1990, 0:3:19.000000
1991, 0:3:19.100000
1992, 0:3:19.200000
1993, 0:3:19.300000
1994, 0:3:19.400000
1995, 0:3:19.500000
1996, 0:3:19.600000
1997, 0:3:19.700000
1998, 0:3:19.800000
1999, 0:3:19.900000
2000, 0:3:20.000000
2001, 0:3:20.100000
2002, 0:3:20.200000
2003, 0:3:20.300000
2004, 0:3:20.400000
2005, 0:3:20.500000
2006, 0:3:20.600000
2007, 0:3:20.700000
2008, 0:3:20.800000
2009, 0:3:20.900000
2010, 0:3:21.000000
2011, 0:3:21.100000
2012, 0:3:21.200000
2013, 0:3:21.300000
2014, 0:3:21.400000
2015, 0:3:21.500000
2016, 0:3:21.600000
2017, 0:3:21.700000
2018, 0:3:21.800000
2019, 0:3:21.900000
2020, 0:3:22.000000
2021, 0:3:22.100000
2022, 0:3:22.200000
2023, 0:3:22.300000
2024, 0:3:22.400000
2025, 0:3:22.500000
2026, 0:3:22.600000
2027, 0:3:22.700000
2028, 0:3:22.800000
2029, 0:3:22.900000
2030, 0:3:23.000000
2031, 0:3:23.100000
2032, 0:3:23.200000
2033, 0:3:23.300000
2034, 0:3:23.400000
2035, 0:3:23.500000
2036, 0:3:23.600000
2037, 0:3:23.700000
2038, 0:3:23.800000
2039, 0:3:23.900000
2040, 0:3:24.000000
2041, 0:3:24.100000
2042, 0:3:24.200000
2043, 0:3:24.300000
2044, 0:3:24.400000
2045, 0:3:24.500000
2046, 0:3:24.600000
2047, 0:3:24.700000
2048, 0:3:24.800000
2049, 0:3:24.900000
2050, 0:3:25.000000
2051, 0:3:25.100000
2052, 0:3:25.200000
2053, 0:3:25.300000
2054, 0:3:25.400000
2055, 0:3:25.500000
2056, 0:3:25.600000
2057, 0:3:25.700000
2058, 0:3:25.800000
2059, 0:3:25.900000
2060, 0:3:26.000000
2061, 0:3:26.100000
2062, 0:3:26.200000
2063, 0:3:26.300000
2064, 0:3:26.400000
2065, 0:3:26.500000
2066, 0:3:26.600000
2067, 0:3:26.700000
2068, 0:3:26.800000
2069, 0:3:26.900000
2070, 0:3:27.000000
2071, 0:3:27.100000
2072, 0:3:27.200000
2073, 0:3:27.300000
2074, 0:3:27.400000
2075, 0:3:27.500000
2076, 0:3:27.600000
2077, 0:3:27.700000
2078, 0:3:27.800000
2079, 0:3:27.900000
2080, 0:3:28.000000
2081, 0:3:28.100000
2082, 0:3:28.200000
2083, 0:3:28.300000
2084, 0:3:28.400000
2085, 0:3:28.500000
2086, 0:3:28.600000
2087, 0:3:28.700000
2088, 0:3:28.800000
2089, 0:3:28.900000
2090, 0:3:29.000000
2091, 0:3:29.100000
2092, 0:3:29.200000
2093, 0:3:29.300000
2094, 0:3:29.400000
2095, 0:3:29.500000
2096, 0:3:29.600000
2097, 0:3:29.700000
2098, 0:3:29.800000
2099, 0:3:29.900000
2100, 0:3:30.000000
2101, 0:3:30.100000
2102, 0:3:30.200000
2103, 0:3:30.300000
2104, 0:3:30.400000
2105, 0:3:30.500000
2106, 0:3:30.600000
2107, 0:3:30.700000
2108, 0:3:30.800000
2109, 0:3:30.900000
2110, 0:3:31.000000
2111, 0:3:31.100000
2112, 0:3:31.200000
2113, 0:3:31.300000
2114, 0:3:31.400000
2115, 0:3:31.500000
2116, 0:3:31.600000
2117, 0:3:31.700000
2118, 0:3:31.800000
2119, 0:3:31.900000
2120, 0:3:32.000000
2121, 0:3:32.100000
2122, 0:3:32.200000
2123, 0:3:32.300000
2124, 0:3:32.400000
2125, 0:3:32.500000
2126, 0:3:32.600000
2127, 0:3:32.700000
2128, 0:3:32.800000
2129, 0:3:32.900000
2130, 0:3:33.000000
2131, 0:3:33.100000
2132, 0:3:33.200000
2133, 0:3:33.300000
2134, 0:3:33.400000
2135, 0:3:33.500000
2136, 0:3:33.600000
2137, 0:3:33.700000
2138, 0:3:33.800000
2139, 0:3:33.900000
2140, 0:3:34.000000
2141, 0:3:34.100000
2142, 0:3:34.200000
2143, 0:3:34.300000
2144, 0:3:34.400000
2145, 0:3:34.500000
2146, 0:3:34.600000
2147, 0:3:34.700000
2148, 0:3:34.800000
2149, 0:3:34.900000
2150, 0:3:35.000000
2151, 0:3:35.100000
2152, 0:3:35.200000
2153, 0:3:35.300000
2154, 0:3:35.400000
2155, 0:3:35.500000
2156, 0:3:35.600000
2157, 0:3:35.700000
2158, 0:3:35.800000
2159, 0:3:35.900000
2160, 0:3:36.000000
2161, 0:3:36.100000
2162, 0:3:36.200000
2163, 0:3:36.300000
2164, 0:3:36.400000
2165, 0:3:36.500000
2166, 0:3:36.600000
2167, 0:3:36.700000
2168, 0:3:36.800000
2169, 0:3:36.900000
2170, 0:3:37.000000
2171, 0:3:37.100000
2172, 0:3:37.200000
2173, 0:3:37.300000
2174, 0:3:37.400000
2175, 0:3:37.500000
2176, 0:3:37.600000
2177, 0:3:37.700000
2178, 0:3:37.800000
2179, 0:3:37.900000
2180, 0:3:38.000000
2181, 0:3:38.100000
2182, 0:3:38.200000
2183, 0:3:38.300000
2184, 0:3:38.400000
2185, 0:3:38.500000
2186, 0:3:38.600000
2187, 0:3:38.700000
2188, 0:3:38.800000
2189, 0:3:38.900000
2190, 0:3:39.000000
2191, 0:3:39.100000
2192, 0:3:39.200000
2193, 0:3:39.300000
2194, 0:3:39.400000
2195, 0:3:39.500000
2196, 0:3:39.600000
2197, 0:3:39.700000
2198, 0:3:39.800000
2199, 0:3:39.900000
2200, 0:3:40.000000
2201, 0:3:40.100000
2202, 0:3:40.200000
2203, 0:3:40.300000
2204, 0:3:40.400000
2205, 0:3:40.500000
2206, 0:3:40.600000
2207, 0:3:40.700000
2208, 0:3:40.800000
2209, 0:3:40.900000
2210, 0:3:41.000000
2211, 0:3:41.100000
2212, 0:3:41.200000
2213, 0:3:41.300000
2214, 0:3:41.400000
2215, 0:3:41.500000
2216, 0:3:41.600000
2217, 0:3:41.700000
2218, 0:3:41.800000
2219, 0:3:41.900000
2220, 0:3:42.000000
2221, 0:3:42.100000
2222, 0:3:42.200000
2223, 0:3:42.300000
2224, 0:3:42.400000
2225, 0:3:42.500000
2226, 0:3:42.600000
2227, 0:3:42.700000
2228, 0:3:42.800000
2229, 0:3:42.900000
2230, 0:3:43.000000
2231, 0:3:43.100000
2232, 0:3:43.200000
2233, 0:3:43.300000
2234, 0:3:43.400000
2235, 0:3:43.500000
2236, 0:3:43.600000
2237, 0:3:43.700000
2238, 0:3:43.800000
2239, 0:3:43.900000
2240, 0:3:44.000000
2241, 0:3:44.100000
2242, 0:3:44.200000
2243, 0:3:44.300000
2244, 0:3:44.400000
2245, 0:3:44.500000
2246, 0:3:44.600000
2247, 0:3:44.700000
2248, 0:3:44.800000
2249, 0:3:44.900000
2250, 0:3:45.000000
2251, 0:3:45.100000
2252, 0:3:45.200000
2253, 0:3:45.300000
2254, 0:3:45.400000
2255, 0:3:45.500000
2256, 0:3:45.600000
2257, 0:3:45.700000
2258, 0:3:45.800000
2259, 0:3:45.900000
2260, 0:3:46.000000
2261, 0:3:46.100000
2262, 0:3:46.200000
2263, 0:3:46.300000
2264, 0:3:46.400000
2265, 0:3:46.500000
2266, 0:3:46.600000
2267, 0:3:46.700000
2268, 0:3:46.800000
2269, 0:3:46.900000
2270, 0:3:47.000000
2271, 0:3:47.100000
2272, 0:3:47.200000
2273, 0:3:47.300000
2274, 0:3:47.400000
2275, 0:3:47.500000
2276, 0:3:47.600000
2277, 0:3:47.700000
2278, 0:3:47.800000
2279, 0:3:47.900000
2280, 0:3:48.000000
2281, 0:3:48.100000
2282, 0:3:48.200000
2283, 0:3:48.300000
2284, 0:3:48.400000
2285, 0:3:48.500000
2286, 0:3:48.600000
2287, 0:3:48.700000
2288, 0:3:48.800000
2289, 0:3:48.900000
2290, 0:3:49.000000
2291, 0:3:49.100000
2292, 0:3:49.200000
2293, 0:3:49.300000
2294, 0:3:49.400000
2295, 0:3:49.500000
2296, 0:3:49.600000
2297, 0:3:49.700000
2298, 0:3:49.800000
2299, 0:3:49.900000
2300, 0:3:50.000000
2301, 0:3:50.100000
2302, 0:3:50.200000
2303, 0:3:50.300000
2304, 0:3:50.400000
2305, 0:3:50.500000
2306, 0:3:50.600000
2307, 0:3:50.700000
2308, 0:3:50.800000
2309, 0:3:50.900000
2310, 0:3:51.000000
2311, 0:3:51.100000
2312, 0:3:51.200000
2313, 0:3:51.300000
2314, 0:3:51.400000
2315, 0:3:51.500000
2316, 0:3:51.600000
2317, 0:3:51.700000
2318, 0:3:51.800000
2319, 0:3:51.900000
2320, 0:3:52.000000
2321, 0:3:52.100000
2322, 0:3:52.200000
2323, 0:3:52.300000
2324, 0:3:52.400000
2325, 0:3:52.500000
2326, 0:3:52.600000
2327, 0:3:52.700000
2328, 0:3:52.800000
2329, 0:3:52.900000
2330, 0:3:53.000000
2331, 0:3:53.100000
2332, 0:3:53.200000
2333, 0:3:53.300000
2334, 0:3:53.400000
2335, 0:3:53.500000
2336, 0:3:53.600000
2337, 0:3:53.700000
2338, 0:3:53.800000
2339, 0:3:53.900000
2340, 0:3:54.000000
2341, 0:3:54.100000
2342, 0:3:54.200000
2343, 0:3:54.300000
2344, 0:3:54.400000
2345, 0:3:54.500000
2346, 0:3:54.600000
2347, 0:3:54.700000
2348, 0:3:54.800000
2349, 0:3:54.900000
2350, 0:3:55.000000
2351, 0:3:55.100000
2352, 0:3:55.200000
2353, 0:3:55.300000
2354, 0:3:55.400000
2355, 0:3:55.500000
2356, 0:3:55.600000
2357, 0:3:55.700000
2358, 0:3:55.800000
2359, 0:3:55.900000
2360, 0:3:56.000000
2361, 0:3:56.100000
2362, 0:3:56.200000
2363, 0:3:56.300000
2364, 0:3:56.400000
2365, 0:3:56.500000
2366, 0:3:56.600000
2367, 0:3:56.700000
2368, 0:3:56.800000
2369, 0:3:56.900000
2370, 0:3:57.000000
2371, 0:3:57.100000
2372, 0:3:57.200000
2373, 0:3:57.300000
2374, 0:3:57.400000
2375, 0:3:57.500000
2376, 0:3:57.600000
2377, 0:3:57.700000
2378, 0:3:57.800000
2379, 0:3:57.900000
2380, 0:3:58.000000
2381, 0:3:58.100000
2382, 0:3:58.200000
2383, 0:3:58.300000
2384, 0:3:58.400000
2385, 0:3:58.500000
2386, 0:3:58.600000
2387, 0:3:58.700000
2388, 0:3:58.800000
2389, 0:3:58.900000
2390, 0:3:59.000000
2391, 0:3:59.100000
2392, 0:3:59.200000
2393, 0:3:59.300000
2394, 0:3:59.400000
2395, 0:3:59.500000
2396, 0:3:59.600000
2397, 0:3:59.700000
2398, 0:3:59.800000
2399, 0:3:59.900000
2400, 0:4:0.000000
2401, 0:4:0.100000
2402, 0:4:0.200000
2403, 0:4:0.300000
2404, 0:4:0.400000
2405, 0:4:0.500000
2406, 0:4:0.600000
2407, 0:4:0.700000
2408, 0:4:0.800000
2409, 0:4:0.900000
2410, 0:4:1.000000
2411, 0:4:1.100000
2412, 0:4:1.200000
2413, 0:4:1.300000
2414, 0:4:1.400000
2415, 0:4:1.500000
2416, 0:4:1.600000
2417, 0:4:1.700000
2418, 0:4:1.800000
2419, 0:4:1.900000
2420, 0:4:2.000000
2421, 0:4:2.100000
2422, 0:4:2.200000
2423, 0:4:2.300000
2424, 0:4:2.400000
2425, 0:4:2.500000
2426, 0:4:2.600000
2427, 0:4:2.700000
2428, 0:4:2.800000
2429, 0:4:2.900000
2430, 0:4:3.000000
2431, 0:4:3.100000
2432, 0:4:3.200000
2433, 0:4:3.300000
2434, 0:4:3.400000
2435, 0:4:3.500000
2436, 0:4:3.600000
2437, 0:4:3.700000
2438, 0:4:3.800000
2439, 0:4:3.900000
2440, 0:4:4.000000
2441, 0:4:4.100000
2442, 0:4:4.200000
2443, 0:4:4.300000
2444, 0:4:4.400000
2445, 0:4:4.500000
2446, 0:4:4.600000
2447, 0:4:4.700000
2448, 0:4:4.800000
2449, 0:4:4.900000
2450, 0:4:5.000000
2451, 0:4:5.100000
2452, 0:4:5.200000
2453, 0:4:5.300000
2454, 0:4:5.400000
2455, 0:4:5.500000
2456, 0:4:5.600000
2457, 0:4:5.700000
2458, 0:4:5.800000
2459, 0:4:5.900000
2460, 0:4:6.000000
2461, 0:4:6.100000
2462, 0:4:6.200000
2463, 0:4:6.300000
2464, 0:4:6.400000
2465, 0:4:6.500000
2466, 0:4:6.600000
2467, 0:4:6.700000
2468, 0:4:6.800000
2469, 0:4:6.900000
2470, 0:4:7.000000
2471, 0:4:7.100000
2472, 0:4:7.200000
2473, 0:4:7.300000
2474, 0:4:7.400000
2475, 0:4:7.500000
2476, 0:4:7.600000
2477, 0:4:7.700000
2478, 0:4:7.800000
2479, 0:4:7.900000
2480, 0:4:8.000000
2481, 0:4:8.100000
2482, 0:4:8.200000
2483, 0:4:8.300000
2484, 0:4:8.400000
2485, 0:4:8.500000
2486, 0:4:8.600000
2487, 0:4:8.700000
2488, 0:4:8.800000
2489, 0:4:8.900000
2490, 0:4:9.000000
2491, 0:4:9.100000
2492, 0:4:9.200000
2493, 0:4:9.300000
2494, 0:4:9.400000
2495, 0:4:9.500000
2496, 0:4:9.600000
2497, 0:4:9.700000
2498, 0:4:9.800000
2499, 0:4:9.900000
2500, 0:4:10.000000
2501, 0:4:10.100000
2502, 0:4:10.200000
2503, 0:4:10.300000
2504, 0:4:10.400000
2505, 0:4:10.500000
2506, 0:4:10.600000
2507, 0:4:10.700000
2508, 0:4:10.800000
2509, 0:4:10.900000
2510, 0:4:11.000000
2511, 0:4:11.100000
2512, 0:4:11.200000
2513, 0:4:11.300000
2514, 0:4:11.400000
2515, 0:4:11.500000
2516, 0:4:11.600000
2517, 0:4:11.700000
2518, 0:4:11.800000
2519, 0:4:11.900000
2520, 0:4:12.000000
2521, 0:4:12.100000
2522, 0:4:12.200000
2523, 0:4:12.300000
2524, 0:4:12.400000
2525, 0:4:12.500000
2526, 0:4:12.600000
2527, 0:4:12.700000
2528, 0:4:12.800000
2529, 0:4:12.900000
2530, 0:4:13.000000
2531, 0:4:13.100000
2532, 0:4:13.200000
2533, 0:4:13.300000
2534, 0:4:13.400000
2535, 0:4:13.500000
2536, 0:4:13.600000
2537, 0:4:13.700000
2538, 0:4:13.800000
2539, 0:4:13.900000
2540, 0:4:14.000000
2541, 0:4:14.100000
2542, 0:4:14.200000
2543, 0:4:14.300000
2544, 0:4:14.400000
2545, 0:4:14.500000
2546, 0:4:14.600000
2547, 0:4:14.700000
2548, 0:4:14.800000
2549, 0:4:14.900000
2550, 0:4:15.000000
2551, 0:4:15.100000
2552, 0:4:15.200000
2553, 0:4:15.300000
2554, 0:4:15.400000
2555, 0:4:15.500000
2556, 0:4:15.600000
2557, 0:4:15.700000
2558, 0:4:15.800000
2559, 0:4:15.900000
2560, 0:4:16.000000
2561, 0:4:16.100000
2562, 0:4:16.200000
2563, 0:4:16.300000
2564, 0:4:16.400000
2565, 0:4:16.500000
2566, 0:4:16.600000
2567, 0:4:16.700000
2568, 0:4:16.800000
2569, 0:4:16.900000
2570, 0:4:17.000000
2571, 0:4:17.100000
2572, 0:4:17.200000
2573, 0:4:17.300000
2574, 0:4:17.400000
2575, 0:4:17.500000
2576, 0:4:17.600000
2577, 0:4:17.700000
2578, 0:4:17.800000
2579, 0:4:17.900000
2580, 0:4:18.000000
2581, 0:4:18.100000
2582, 0:4:18.200000
2583, 0:4:18.300000
2584, 0:4:18.400000
2585, 0:4:18.500000
2586, 0:4:18.600000
2587, 0:4:18.700000
2588, 0:4:18.800000
2589, 0:4:18.900000
2590, 0:4:19.000000
2591, 0:4:19.100000
2592, 0:4:19.200000
2593, 0:4:19.300000
2594, 0:4:19.400000
2595, 0:4:19.500000
2596, 0:4:19.600000
2597, 0:4:19.700000
2598, 0:4:19.800000
2599, 0:4:19.900000
2600, 0:4:20.000000
2601, 0:4:20.100000
2602, 0:4:20.200000
2603, 0:4:20.300000
2604, 0:4:20.400000
2605, 0:4:20.500000
2606, 0:4:20.600000
2607, 0:4:20.700000
2608, 0:4:20.800000
2609, 0:4:20.900000
2610, 0:4:21.000000
2611, 0:4:21.100000
2612, 0:4:21.200000
2613, 0:4:21.300000
2614, 0:4:21.400000
2615, 0:4:21.500000
2616, 0:4:21.600000
2617, 0:4:21.700000
2618, 0:4:21.800000
2619, 0:4:21.900000
2620, 0:4:22.000000
2621, 0:4:22.100000
2622, 0:4:22.200000
2623, 0:4:22.300000
2624, 0:4:22.400000
2625, 0:4:22.500000
2626, 0:4:22.600000
2627, 0:4:22.700000
2628, 0:4:22.800000
2629, 0:4:22.900000
2630, 0:4:23.000000
2631, 0:4:23.100000
2632, 0:4:23.200000
2633, 0:4:23.300000
2634, 0:4:23.400000
2635, 0:4:23.500000
2636, 0:4:23.600000
2637, 0:4:23.700000
2638, 0:4:23.800000
2639, 0:4:23.900000
2640, 0:4:24.000000
2641, 0:4:24.100000
2642, 0:4:24.200000
2643, 0:4:24.300000
2644, 0:4:24.400000
2645, 0:4:24.500000
2646, 0:4:24.600000
2647, 0:4:24.700000
2648, 0:4:24.800000
2649, 0:4:24.900000
2650, 0:4:25.000000
2651, 0:4:25.100000
2652, 0:4:25.200000
2653, 0:4:25.300000
2654, 0:4:25.400000
2655, 0:4:25.500000
2656, 0:4:25.600000
2657, 0:4:25.700000
2658, 0:4:25.800000
2659, 0:4:25.900000
2660, 0:4:26.000000
2661, 0:4:26.100000
2662, 0:4:26.200000
2663, 0:4:26.300000
2664, 0:4:26.400000
2665, 0:4:26.500000
2666, 0:4:26.600000
2667, 0:4:26.700000
2668, 0:4:26.800000
2669, 0:4:26.900000
2670, 0:4:27.000000
2671, 0:4:27.100000
2672, 0:4:27.200000
2673, 0:4:27.300000
2674, 0:4:27.400000
2675, 0:4:27.500000
2676, 0:4:27.600000
2677, 0:4:27.700000
2678, 0:4:27.800000
2679, 0:4:27.900000
2680, 0:4:28.000000
2681, 0:4:28.100000
2682, 0:4:28.200000
2683, 0:4:28.300000
2684, 0:4:28.400000
2685, 0:4:28.500000
2686, 0:4:28.600000
2687, 0:4:28.700000
2688, 0:4:28.800000
2689, 0:4:28.900000
2690, 0:4:29.000000
2691, 0:4:29.100000
2692, 0:4:29.200000
2693, 0:4:29.300000
2694, 0:4:29.400000
2695, 0:4:29.500000
2696, 0:4:29.600000
2697, 0:4:29.700000
2698, 0:4:29.800000
2699, 0:4:29.900000
2700, 0:4:30.000000
2701, 0:4:30.100000
2702, 0:4:30.200000
2703, 0:4:30.300000
2704, 0:4:30.400000
2705, 0:4:30.500000
2706, 0:4:30.600000
2707, 0:4:30.700000
2708, 0:4:30.800000
2709, 0:4:30.900000
2710, 0:4:31.000000
2711, 0:4:31.100000
2712, 0:4:31.200000
2713, 0:4:31.300000
2714, 0:4:31.400000
2715, 0:4:31.500000
2716, 0:4:31.600000
2717, 0:4:31.700000
2718, 0:4:31.800000
2719, 0:4:31.900000
2720, 0:4:32.000000
2721, 0:4:32.100000
2722, 0:4:32.200000
2723, 0:4:32.300000
2724, 0:4:32.400000
2725, 0:4:32.500000
2726, 0:4:32.600000
2727, 0:4:32.700000
2728, 0:4:32.800000
2729, 0:4:32.900000
2730, 0:4:33.000000
2731, 0:4:33.100000
2732, 0:4:33.200000
2733, 0:4:33.300000
2734, 0:4:33.400000
2735, 0:4:33.500000
2736, 0:4:33.600000
2737, 0:4:33.700000
2738, 0:4:33.800000
2739, 0:4:33.900000
2740, 0:4:34.000000
2741, 0:4:34.100000
2742, 0:4:34.200000
2743, 0:4:34.300000
2744, 0:4:34.400000
2745, 0:4:34.500000
2746, 0:4:34.600000
2747, 0:4:34.700000
2748, 0:4:34.800000
2749, 0:4:34.900000
2750, 0:4:35.000000
2751, 0:4:35.100000
2752, 0:4:35.200000
2753, 0:4:35.300000
2754, 0:4:35.400000
2755, 0:4:35.500000
2756, 0:4:35.600000
2757, 0:4:35.700000
2758, 0:4:35.800000
2759, 0:4:35.900000
2760, 0:4:36.000000
2761, 0:4:36.100000
2762, 0:4:36.200000
2763, 0:4:36.300000
2764, 0:4:36.400000
2765, 0:4:36.500000
2766, 0:4:36.600000
2767, 0:4:36.700000
2768, 0:4:36.800000
2769, 0:4:36.900000
2770, 0:4:37.000000
2771, 0:4:37.100000
2772, 0:4:37.200000
2773, 0:4:37.300000
2774, 0:4:37.400000
2775, 0:4:37.500000
2776, 0:4:37.600000
2777, 0:4:37.700000
2778, 0:4:37.800000
2779, 0:4:37.900000
2780, 0:4:38.000000
2781, 0:4:38.100000
2782, 0:4:38.200000
2783, 0:4:38.300000
2784, 0:4:38.400000
2785, 0:4:38.500000
2786, 0:4:38.600000
2787, 0:4:38.700000
2788, 0:4:38.800000
2789, 0:4:38.900000
2790, 0:4:39.000000
2791, 0:4:39.100000
2792, 0:4:39.200000
2793, 0:4:39.300000
2794, 0:4:39.400000
2795, 0:4:39.500000
2796, 0:4:39.600000
2797, 0:4:39.700000
2798, 0:4:39.800000
2799, 0:4:39.900000
2800, 0:4:40.000000
2801, 0:4:40.100000
2802, 0:4:40.200000
2803, 0:4:40.300000
2804, 0:4:40.400000
2805, 0:4:40.500000
2806, 0:4:40.600000
2807, 0:4:40.700000
2808, 0:4:40.800000
2809, 0:4:40.900000
2810, 0:4:41.000000
2811, 0:4:41.100000
2812, 0:4:41.200000
2813, 0:4:41.300000
2814, 0:4:41.400000
2815, 0:4:41.500000
2816, 0:4:41.600000
2817, 0:4:41.700000
2818, 0:4:41.800000
2819, 0:4:41.900000
2820, 0:4:42.000000
2821, 0:4:42.100000
2822, 0:4:42.200000
2823, 0:4:42.300000
2824, 0:4:42.400000
2825, 0:4:42.500000
2826, 0:4:42.600000
2827, 0:4:42.700000
2828, 0:4:42.800000
2829, 0:4:42.900000
2830, 0:4:43.000000
2831, 0:4:43.100000
2832, 0:4:43.200000
2833, 0:4:43.300000
2834, 0:4:43.400000
2835, 0:4:43.500000
2836, 0:4:43.600000
2837, 0:4:43.700000
2838, 0:4:43.800000
2839, 0:4:43.900000
2840, 0:4:44.000000
2841, 0:4:44.100000
2842, 0:4:44.200000
2843, 0:4:44.300000
2844, 0:4:44.400000
2845, 0:4:44.500000
2846, 0:4:44.600000
2847, 0:4:44.700000
2848, 0:4:44.800000
2849, 0:4:44.900000
2850, 0:4:45.000000
2851, 0:4:45.100000
2852, 0:4:45.200000
2853, 0:4:45.300000
2854, 0:4:45.400000
2855, 0:4:45.500000
2856, 0:4:45.600000
2857, 0:4:45.700000
2858, 0:4:45.800000
2859, 0:4:45.900000
2860, 0:4:46.000000
2861, 0:4:46.100000
2862, 0:4:46.200000
2863, 0:4:46.300000
2864, 0:4:46.400000
2865, 0:4:46.500000
2866, 0:4:46.600000
2867, 0:4:46.700000
2868, 0:4:46.800000
2869, 0:4:46.900000
2870, 0:4:47.000000
2871, 0:4:47.100000
2872, 0:4:47.200000
2873, 0:4:47.300000
2874, 0:4:47.400000
2875, 0:4:47.500000
2876, 0:4:47.600000
2877, 0:4:47.700000
2878, 0:4:47.800000
2879, 0:4:47.900000
2880, 0:4:48.000000
2881, 0:4:48.100000
2882, 0:4:48.200000
2883, 0:4:48.300000
2884, 0:4:48.400000
2885, 0:4:48.500000
2886, 0:4:48.600000
2887, 0:4:48.700000
2888, 0:4:48.800000
2889, 0:4:48.900000
2890, 0:4:49.000000
2891, 0:4:49.100000
2892, 0:4:49.200000
2893, 0:4:49.300000
2894, 0:4:49.400000
2895, 0:4:49.500000
2896, 0:4:49.600000
2897, 0:4:49.700000
2898, 0:4:49.800000
2899, 0:4:49.900000
2900, 0:4:50.000000
2901, 0:4:50.100000
2902, 0:4:50.200000
2903, 0:4:50.300000
2904, 0:4:50.400000
2905, 0:4:50.500000
2906, 0:4:50.600000
2907, 0:4:50.700000
2908, 0:4:50.800000
2909, 0:4:50.900000
2910, 0:4:51.000000
2911, 0:4:51.100000
2912, 0:4:51.200000
2913, 0:4:51.300000
2914, 0:4:51.400000
2915, 0:4:51.500000
2916, 0:4:51.600000
2917, 0:4:51.700000
2918, 0:4:51.800000
2919, 0:4:51.900000
2920, 0:4:52.000000
2921, 0:4:52.100000
2922, 0:4:52.200000
2923, 0:4:52.300000
2924, 0:4:52.400000
2925, 0:4:52.500000
2926, 0:4:52.600000
2927, 0:4:52.700000
2928, 0:4:52.800000
2929, 0:4:52.900000
2930, 0:4:53.000000
2931, 0:4:53.100000
2932, 0:4:53.200000
2933, 0:4:53.300000
2934, 0:4:53.400000
2935, 0:4:53.500000
2936, 0:4:53.600000
2937, 0:4:53.700000
2938, 0:4:53.800000
2939, 0:4:53.900000
2940, 0:4:54.000000
2941, 0:4:54.100000
2942, 0:4:54.200000
2943, 0:4:54.300000
2944, 0:4:54.400000
2945, 0:4:54.500000
2946, 0:4:54.600000
2947, 0:4:54.700000
2948, 0:4:54.800000
2949, 0:4:54.900000
2950, 0:4:55.000000
2951, 0:4:55.100000
2952, 0:4:55.200000
2953, 0:4:55.300000
2954, 0:4:55.400000
2955, 0:4:55.500000
2956, 0:4:55.600000
2957, 0:4:55.700000
2958, 0:4:55.800000
2959, 0:4:55.900000
2960, 0:4:56.000000
2961, 0:4:56.100000
2962, 0:4:56.200000
2963, 0:4:56.300000
2964, 0:4:56.400000
2965, 0:4:56.500000
2966, 0:4:56.600000
2967, 0:4:56.700000
2968, 0:4:56.800000
2969, 0:4:56.900000
2970, 0:4:57.000000
2971, 0:4:57.100000
2972, 0:4:57.200000
2973, 0:4:57.300000
2974, 0:4:57.400000
2975, 0:4:57.500000
2976, 0:4:57.600000
2977, 0:4:57.700000
2978, 0:4:57.800000
2979, 0:4:57.900000
2980, 0:4:58.000000
2981, 0:4:58.100000
2982, 0:4:58.200000
2983, 0:4:58.300000
2984, 0:4:58.400000
2985, 0:4:58.500000
2986, 0:4:58.600000
2987, 0:4:58.700000
2988, 0:4:58.800000
2989, 0:4:58.900000
2990, 0:4:59.000000
2991, 0:4:59.100000
2992, 0:4:59.200000
2993, 0:4:59.300000
2994, 0:4:59.400000
2995, 0:4:59.500000
2996, 0:4:59.600000
2997, 0:4:59.700000
2998, 0:4:59.800000
2999, 0:4:59.900000
3000, 0:5:0.000000
3001, 0:5:0.100000
3002, 0:5:0.200000
3003, 0:5:0.300000
3004, 0:5:0.400000
3005, 0:5:0.500000
3006, 0:5:0.600000
3007, 0:5:0.700000
3008, 0:5:0.800000
3009, 0:5:0.900000
3010, 0:5:1.000000
3011, 0:5:1.100000
3012, 0:5:1.200000
3013, 0:5:1.300000
3014, 0:5:1.400000
3015, 0:5:1.500000
3016, 0:5:1.600000
3017, 0:5:1.700000
3018, 0:5:1.800000
3019, 0:5:1.900000
3020, 0:5:2.000000
3021, 0:5:2.100000
3022, 0:5:2.200000
3023, 0:5:2.300000
3024, 0:5:2.400000
3025, 0:5:2.500000
3026, 0:5:2.600000
3027, 0:5:2.700000
3028, 0:5:2.800000
3029, 0:5:2.900000
3030, 0:5:3.000000
3031, 0:5:3.100000
3032, 0:5:3.200000
3033, 0:5:3.300000
3034, 0:5:3.400000
3035, 0:5:3.500000
3036, 0:5:3.600000
3037, 0:5:3.700000
3038, 0:5:3.800000
3039, 0:5:3.900000
3040, 0:5:4.000000
3041, 0:5:4.100000
3042, 0:5:4.200000
3043, 0:5:4.300000
3044, 0:5:4.400000
3045, 0:5:4.500000
3046, 0:5:4.600000
3047, 0:5:4.700000
3048, 0:5:4.800000
3049, 0:5:4.900000
3050, 0:5:5.000000
3051, 0:5:5.100000
3052, 0:5:5.200000
3053, 0:5:5.300000
3054, 0:5:5.400000
3055, 0:5:5.500000
3056, 0:5:5.600000
3057, 0:5:5.700000
3058, 0:5:5.800000
3059, 0:5:5.900000
3060, 0:5:6.000000
3061, 0:5:6.100000
3062, 0:5:6.200000
3063, 0:5:6.300000
3064, 0:5:6.400000
3065, 0:5:6.500000
3066, 0:5:6.600000
3067, 0:5:6.700000
3068, 0:5:6.800000
3069, 0:5:6.900000
3070, 0:5:7.000000
3071, 0:5:7.100000
3072, 0:5:7.200000
3073, 0:5:7.300000
3074, 0:5:7.400000
3075, 0:5:7.500000
3076, 0:5:7.600000
3077, 0:5:7.700000
3078, 0:5:7.800000
3079, 0:5:7.900000
3080, 0:5:8.000000
3081, 0:5:8.100000
3082, 0:5:8.200000
3083, 0:5:8.300000
3084, 0:5:8.400000
3085, 0:5:8.500000
3086, 0:5:8.600000
3087, 0:5:8.700000
3088, 0:5:8.800000
3089, 0:5:8.900000
3090, 0:5:9.000000
3091, 0:5:9.100000
3092, 0:5:9.200000
3093, 0:5:9.300000
3094, 0:5:9.400000
3095, 0:5:9.500000
3096, 0:5:9.600000
3097, 0:5:9.700000
3098, 0:5:9.800000
3099, 0:5:9.900000
3100, 0:5:10.000000
3101, 0:5:10.100000
3102, 0:5:10.200000
3103, 0:5:10.300000
3104, 0:5:10.400000
3105, 0:5:10.500000
3106, 0:5:10.600000
3107, 0:5:10.700000
3108, 0:5:10.800000
3109, 0:5:10.900000
3110, 0:5:11.000000
3111, 0:5:11.100000
3112, 0:5:11.200000
3113, 0:5:11.300000
3114, 0:5:11.400000
3115, 0:5:11.500000
3116, 0:5:11.600000
3117, 0:5:11.700000
3118, 0:5:11.800000
3119, 0:5:11.900000
3120, 0:5:12.000000
3121, 0:5:12.100000
3122, 0:5:12.200000
3123, 0:5:12.300000
3124, 0:5:12.400000
3125, 0:5:12.500000
3126, 0:5:12.600000
3127, 0:5:12.700000
3128, 0:5:12.800000
3129, 0:5:12.900000
3130, 0:5:13.000000
3131, 0:5:13.100000
3132, 0:5:13.200000
3133, 0:5:13.300000
3134, 0:5:13.400000
3135, 0:5:13.500000
3136, 0:5:13.600000
3137, 0:5:13.700000
3138, 0:5:13.800000
3139, 0:5:13.900000
3140, 0:5:14.000000
3141, 0:5:14.100000
3142, 0:5:14.200000
3143, 0:5:14.300000
3144, 0:5:14.400000
3145, 0:5:14.500000
3146, 0:5:14.600000
3147, 0:5:14.700000
3148, 0:5:14.800000
3149, 0:5:14.900000
3150, 0:5:15.000000
3151, 0:5:15.100000
3152, 0:5:15.200000
3153, 0:5:15.300000
3154, 0:5:15.400000
3155, 0:5:15.500000
3156, 0:5:15.600000
3157, 0:5:15.700000
3158, 0:5:15.800000
3159, 0:5:15.900000
3160, 0:5:16.000000
3161, 0:5:16.100000
3162, 0:5:16.200000
3163, 0:5:16.300000
3164, 0:5:16.400000
3165, 0:5:16.500000
3166, 0:5:16.600000
3167, 0:5:16.700000
3168, 0:5:16.800000
3169, 0:5:16.900000
3170, 0:5:17.000000
3171, 0:5:17.100000
3172, 0:5:17.200000
3173, 0:5:17.300000
3174, 0:5:17.400000
3175, 0:5:17.500000
3176, 0:5:17.600000
3177, 0:5:17.700000
3178, 0:5:17.800000
3179, 0:5:17.900000
3180, 0:5:18.000000
3181, 0:5:18.100000
3182, 0:5:18.200000
3183, 0:5:18.300000
3184, 0:5:18.400000
3185, 0:5:18.500000
3186, 0:5:18.600000
3187, 0:5:18.700000
3188, 0:5:18.800000
3189, 0:5:18.900000
3190, 0:5:19.000000
3191, 0:5:19.100000
3192, 0:5:19.200000
3193, 0:5:19.300000
3194, 0:5:19.400000
3195, 0:5:19.500000
3196, 0:5:19.600000
3197, 0:5:19.700000
3198, 0:5:19.800000
3199, 0:5:19.900000
3200, 0:5:20.000000
3201, 0:5:20.100000
3202, 0:5:20.200000
3203, 0:5:20.300000
3204, 0:5:20.400000
3205, 0:5:20.500000
3206, 0:5:20.600000
3207, 0:5:20.700000
3208, 0:5:20.800000
3209, 0:5:20.900000
3210, 0:5:21.000000
3211, 0:5:21.100000
3212, 0:5:21.200000
3213, 0:5:21.300000
3214, 0:5:21.400000
3215, 0:5:21.500000
3216, 0:5:21.600000
3217, 0:5:21.700000
3218, 0:5:21.800000
3219, 0:5:21.900000
3220, 0:5:22.000000
3221, 0:5:22.100000
3222, 0:5:22.200000
3223, 0:5:22.300000
3224, 0:5:22.400000
3225, 0:5:22.500000
3226, 0:5:22.600000
3227, 0:5:22.700000
3228, 0:5:22.800000
3229, 0:5:22.900000
3230, 0:5:23.000000
3231, 0:5:23.100000
3232, 0:5:23.200000
3233, 0:5:23.300000
3234, 0:5:23.400000
3235, 0:5:23.500000
3236, 0:5:23.600000
3237, 0:5:23.700000
3238, 0:5:23.800000
3239, 0:5:23.900000
3240, 0:5:24.000000
3241, 0:5:24.100000
3242, 0:5:24.200000
3243, 0:5:24.300000
3244, 0:5:24.400000
3245, 0:5:24.500000
3246, 0:5:24.600000
3247, 0:5:24.700000
3248, 0:5:24.800000
3249, 0:5:24.900000
3250, 0:5:25.000000
3251, 0:5:25.100000
3252, 0:5:25.200000
3253, 0:5:25.300000
3254, 0:5:25.400000
3255, 0:5:25.500000
3256, 0:5:25.600000
3257, 0:5:25.700000
3258, 0:5:25.800000
3259, 0:5:25.900000
3260, 0:5:26.000000
3261, 0:5:26.100000
3262, 0:5:26.200000
3263, 0:5:26.300000
3264, 0:5:26.400000
3265, 0:5:26.500000
3266, 0:5:26.600000
3267, 0:5:26.700000
3268, 0:5:26.800000
3269, 0:5:26.900000
3270, 0:5:27.000000
3271, 0:5:27.100000
3272, 0:5:27.200000
3273, 0:5:27.300000
3274, 0:5:27.400000
3275, 0:5:27.500000
3276, 0:5:27.600000
3277, 0:5:27.700000
3278, 0:5:27.800000
3279, 0:5:27.900000
3280, 0:5:28.000000
3281, 0:5:28.100000
3282, 0:5:28.200000
3283, 0:5:28.300000
3284, 0:5:28.400000
3285, 0:5:28.500000
3286, 0:5:28.600000
3287, 0:5:28.700000
3288, 0:5:28.800000
3289, 0:5:28.900000
3290, 0:5:29.000000
3291, 0:5:29.100000
3292, 0:5:29.200000
3293, 0:5:29.300000
3294, 0:5:29.400000
3295, 0:5:29.500000
3296, 0:5:29.600000
3297, 0:5:29.700000
3298, 0:5:29.800000
3299, 0:5:29.900000
3300, 0:5:30.000000
3301, 0:5:30.100000
3302, 0:5:30.200000
3303, 0:5:30.300000
3304, 0:5:30.400000
3305, 0:5:30.500000
3306, 0:5:30.600000
3307, 0:5:30.700000
3308, 0:5:30.800000
3309, 0:5:30.900000
3310, 0:5:31.000000
3311, 0:5:31.100000
3312, 0:5:31.200000
3313, 0:5:31.300000
3314, 0:5:31.400000
3315, 0:5:31.500000
3316, 0:5:31.600000
3317, 0:5:31.700000
3318, 0:5:31.800000
3319, 0:5:31.900000
3320, 0:5:32.000000
3321, 0:5:32.100000
3322, 0:5:32.200000
3323, 0:5:32.300000
3324, 0:5:32.400000
3325, 0:5:32.500000
3326, 0:5:32.600000
3327, 0:5:32.700000
3328, 0:5:32.800000
3329, 0:5:32.900000
3330, 0:5:33.000000
3331, 0:5:33.100000
3332, 0:5:33.200000
3333, 0:5:33.300000
3334, 0:5:33.400000
3335, 0:5:33.500000
3336, 0:5:33.600000
3337, 0:5:33.700000
3338, 0:5:33.800000
3339, 0:5:33.900000
3340, 0:5:34.000000
3341, 0:5:34.100000
3342, 0:5:34.200000
3343, 0:5:34.300000
3344, 0:5:34.400000
3345, 0:5:34.500000
3346, 0:5:34.600000
3347, 0:5:34.700000
3348, 0:5:34.800000
3349, 0:5:34.900000
3350, 0:5:35.000000
3351, 0:5:35.100000
3352, 0:5:35.200000
3353, 0:5:35.300000
3354, 0:5:35.400000
3355, 0:5:35.500000
3356, 0:5:35.600000
3357, 0:5:35.700000
3358, 0:5:35.800000
3359, 0:5:35.900000
3360, 0:5:36.000000
3361, 0:5:36.100000
3362, 0:5:36.200000
3363, 0:5:36.300000
3364, 0:5:36.400000
3365, 0:5:36.500000
3366, 0:5:36.600000
3367, 0:5:36.700000
3368, 0:5:36.800000
3369, 0:5:36.900000
3370, 0:5:37.000000
3371, 0:5:37.100000
3372, 0:5:37.200000
3373, 0:5:37.300000
3374, 0:5:37.400000
3375, 0:5:37.500000
3376, 0:5:37.600000
3377, 0:5:37.700000
3378, 0:5:37.800000
3379, 0:5:37.900000
3380, 0:5:38.000000
3381, 0:5:38.100000
3382, 0:5:38.200000
3383, 0:5:38.300000
3384, 0:5:38.400000
3385, 0:5:38.500000
3386, 0:5:38.600000
3387, 0:5:38.700000
3388, 0:5:38.800000
3389, 0:5:38.900000
3390, 0:5:39.000000
3391, 0:5:39.100000
3392, 0:5:39.200000
3393, 0:5:39.300000
3394, 0:5:39.400000
3395, 0:5:39.500000
3396, 0:5:39.600000
3397, 0:5:39.700000
3398, 0:5:39.800000
3399, 0:5:39.900000
3400, 0:5:40.000000
3401, 0:5:40.100000
3402, 0:5:40.200000
3403, 0:5:40.300000
3404, 0:5:40.400000
3405, 0:5:40.500000
3406, 0:5:40.600000
3407, 0:5:40.700000
3408, 0:5:40.800000
3409, 0:5:40.900000
3410, 0:5:41.000000
3411, 0:5:41.100000
3412, 0:5:41.200000
3413, 0:5:41.300000
3414, 0:5:41.400000
3415, 0:5:41.500000
3416, 0:5:41.600000
3417, 0:5:41.700000
3418, 0:5:41.800000
3419, 0:5:41.900000
3420, 0:5:42.000000
3421, 0:5:42.100000
3422, 0:5:42.200000
3423, 0:5:42.300000
3424, 0:5:42.400000
3425, 0:5:42.500000
3426, 0:5:42.600000
3427, 0:5:42.700000
3428, 0:5:42.800000
3429, 0:5:42.900000
3430, 0:5:43.000000
3431, 0:5:43.100000
3432, 0:5:43.200000
3433, 0:5:43.300000
3434, 0:5:43.400000
3435, 0:5:43.500000
3436, 0:5:43.600000
3437, 0:5:43.700000
3438, 0:5:43.800000
3439, 0:5:43.900000
3440, 0:5:44.000000
3441, 0:5:44.100000
3442, 0:5:44.200000
3443, 0:5:44.300000
3444, 0:5:44.400000
3445, 0:5:44.500000
3446, 0:5:44.600000
3447, 0:5:44.700000
3448, 0:5:44.800000
3449, 0:5:44.900000
3450, 0:5:45.000000
3451, 0:5:45.100000
3452, 0:5:45.200000
3453, 0:5:45.300000
3454, 0:5:45.400000
3455, 0:5:45.500000
3456, 0:5:45.600000
3457, 0:5:45.700000
3458, 0:5:45.800000
3459, 0:5:45.900000
3460, 0:5:46.000000
3461, 0:5:46.100000
3462, 0:5:46.200000
3463, 0:5:46.300000
3464, 0:5:46.400000
3465, 0:5:46.500000
3466, 0:5:46.600000
3467, 0:5:46.700000
3468, 0:5:46.800000
3469, 0:5:46.900000
3470, 0:5:47.000000
3471, 0:5:47.100000
3472, 0:5:47.200000
3473, 0:5:47.300000
3474, 0:5:47.400000
3475, 0:5:47.500000
3476, 0:5:47.600000
3477, 0:5:47.700000
3478, 0:5:47.800000
3479, 0:5:47.900000
3480, 0:5:48.000000
3481, 0:5:48.100000
3482, 0:5:48.200000
3483, 0:5:48.300000
3484, 0:5:48.400000
3485, 0:5:48.500000
3486, 0:5:48.600000
3487, 0:5:48.700000
3488, 0:5:48.800000
3489, 0:5:48.900000
3490, 0:5:49.000000
3491, 0:5:49.100000
3492, 0:5:49.200000
3493, 0:5:49.300000
3494, 0:5:49.400000
3495, 0:5:49.500000
3496, 0:5:49.600000
3497, 0:5:49.700000
3498, 0:5:49.800000
3499, 0:5:49.900000
3500, 0:5:50.000000
3501, 0:5:50.100000
3502, 0:5:50.200000
3503, 0:5:50.300000
3504, 0:5:50.400000
3505, 0:5:50.500000
3506, 0:5:50.600000
3507, 0:5:50.700000
3508, 0:5:50.800000
3509, 0:5:50.900000
3510, 0:5:51.000000
3511, 0:5:51.100000
3512, 0:5:51.200000
3513, 0:5:51.300000
3514, 0:5:51.400000
3515, 0:5:51.500000
3516, 0:5:51.600000
3517, 0:5:51.700000
3518, 0:5:51.800000
3519, 0:5:51.900000
3520, 0:5:52.000000
3521, 0:5:52.100000
3522, 0:5:52.200000
3523, 0:5:52.300000
3524, 0:5:52.400000
3525, 0:5:52.500000
3526, 0:5:52.600000
3527, 0:5:52.700000
3528, 0:5:52.800000
3529, 0:5:52.900000
3530, 0:5:53.000000
3531, 0:5:53.100000
3532, 0:5:53.200000
3533, 0:5:53.300000
3534, 0:5:53.400000
3535, 0:5:53.500000
3536, 0:5:53.600000
3537, 0:5:53.700000
3538, 0:5:53.800000
3539, 0:5:53.900000
3540, 0:5:54.000000
3541, 0:5:54.100000
3542, 0:5:54.200000
3543, 0:5:54.300000
3544, 0:5:54.400000
3545, 0:5:54.500000
3546, 0:5:54.600000
3547, 0:5:54.700000
3548, 0:5:54.800000
3549, 0:5:54.900000
3550, 0:5:55.000000
3551, 0:5:55.100000
3552, 0:5:55.200000
3553, 0:5:55.300000
3554, 0:5:55.400000
3555, 0:5:55.500000
3556, 0:5:55.600000
3557, 0:5:55.700000
3558, 0:5:55.800000
3559, 0:5:55.900000
3560, 0:5:56.000000
3561, 0:5:56.100000
3562, 0:5:56.200000
3563, 0:5:56.300000
3564, 0:5:56.400000
3565, 0:5:56.500000
3566, 0:5:56.600000
3567, 0:5:56.700000
3568, 0:5:56.800000
3569, 0:5:56.900000
3570, 0:5:57.000000
3571, 0:5:57.100000
3572, 0:5:57.200000
3573, 0:5:57.300000
3574, 0:5:57.400000
3575, 0:5:57.500000
3576, 0:5:57.600000
3577, 0:5:57.700000
3578, 0:5:57.800000
3579, 0:5:57.900000
3580, 0:5:58.000000
3581, 0:5:58.100000
3582, 0:5:58.200000
3583, 0:5:58.300000
3584, 0:5:58.400000
3585, 0:5:58.500000
3586, 0:5:58.600000
3587, 0:5:58.700000
3588, 0:5:58.800000
3589, 0:5:58.900000
3590, 0:5:59.000000
3591, 0:5:59.100000
3592, 0:5:59.200000
3593, 0:5:59.300000
3594, 0:5:59.400000
3595, 0:5:59.500000
3596, 0:5:59.600000
3597, 0:5:59.700000
3598, 0:5:59.800000
3599, 0:5:59.900000
3600, 0:6:0.000000
3601, 0:6:0.100000
3602, 0:6:0.200000
3603, 0:6:0.300000
3604, 0:6:0.400000
3605, 0:6:0.500000
3606, 0:6:0.600000
3607, 0:6:0.700000
3608, 0:6:0.800000
3609, 0:6:0.900000
3610, 0:6:1.000000
3611, 0:6:1.100000
3612, 0:6:1.200000
3613, 0:6:1.300000
3614, 0:6:1.400000
3615, 0:6:1.500000
3616, 0:6:1.600000
3617, 0:6:1.700000
3618, 0:6:1.800000
3619, 0:6:1.900000
3620, 0:6:2.000000
3621, 0:6:2.100000
3622, 0:6:2.200000
3623, 0:6:2.300000
3624, 0:6:2.400000
3625, 0:6:2.500000
3626, 0:6:2.600000
3627, 0:6:2.700000
3628, 0:6:2.800000
3629, 0:6:2.900000
3630, 0:6:3.000000
3631, 0:6:3.100000
3632, 0:6:3.200000
3633, 0:6:3.300000
3634, 0:6:3.400000
3635, 0:6:3.500000
3636, 0:6:3.600000
3637, 0:6:3.700000
3638, 0:6:3.800000
3639, 0:6:3.900000
3640, 0:6:4.000000
3641, 0:6:4.100000
3642, 0:6:4.200000
3643, 0:6:4.300000
3644, 0:6:4.400000
3645, 0:6:4.500000
3646, 0:6:4.600000
3647, 0:6:4.700000
3648, 0:6:4.800000
3649, 0:6:4.900000
3650, 0:6:5.000000
3651, 0:6:5.100000
3652, 0:6:5.200000
3653, 0:6:5.300000
3654, 0:6:5.400000
3655, 0:6:5.500000
3656, 0:6:5.600000
3657, 0:6:5.700000
3658, 0:6:5.800000
3659, 0:6:5.900000
3660, 0:6:6.000000
3661, 0:6:6.100000
3662, 0:6:6.200000
3663, 0:6:6.300000
3664, 0:6:6.400000
3665, 0:6:6.500000
3666, 0:6:6.600000
3667, 0:6:6.700000
3668, 0:6:6.800000
3669, 0:6:6.900000
3670, 0:6:7.000000
3671, 0:6:7.100000
3672, 0:6:7.200000
3673, 0:6:7.300000
3674, 0:6:7.400000
3675, 0:6:7.500000
3676, 0:6:7.600000
3677, 0:6:7.700000
3678, 0:6:7.800000
3679, 0:6:7.900000
3680, 0:6:8.000000
3681, 0:6:8.100000
3682, 0:6:8.200000
3683, 0:6:8.300000
3684, 0:6:8.400000
3685, 0:6:8.500000
3686, 0:6:8.600000
3687, 0:6:8.700000
3688, 0:6:8.800000
3689, 0:6:8.900000
3690, 0:6:9.000000
3691, 0:6:9.100000
3692, 0:6:9.200000
3693, 0:6:9.300000
3694, 0:6:9.400000
3695, 0:6:9.500000
3696, 0:6:9.600000
3697, 0:6:9.700000
3698, 0:6:9.800000
3699, 0:6:9.900000
3700, 0:6:10.000000
3701, 0:6:10.100000
3702, 0:6:10.200000
3703, 0:6:10.300000
3704, 0:6:10.400000
3705, 0:6:10.500000
3706, 0:6:10.600000
3707, 0:6:10.700000
3708, 0:6:10.800000
3709, 0:6:10.900000
3710, 0:6:11.000000
3711, 0:6:11.100000
3712, 0:6:11.200000
3713, 0:6:11.300000
3714, 0:6:11.400000
3715, 0:6:11.500000
3716, 0:6:11.600000
3717, 0:6:11.700000
3718, 0:6:11.800000
3719, 0:6:11.900000
3720, 0:6:12.000000
3721, 0:6:12.100000
3722, 0:6:12.200000
3723, 0:6:12.300000
3724, 0:6:12.400000
3725, 0:6:12.500000
3726, 0:6:12.600000
3727, 0:6:12.700000
3728, 0:6:12.800000
3729, 0:6:12.900000
3730, 0:6:13.000000
3731, 0:6:13.100000
3732, 0:6:13.200000
3733, 0:6:13.300000
3734, 0:6:13.400000
3735, 0:6:13.500000
3736, 0:6:13.600000
3737, 0:6:13.700000
3738, 0:6:13.800000
3739, 0:6:13.900000
3740, 0:6:14.000000
3741, 0:6:14.100000
3742, 0:6:14.200000
3743, 0:6:14.300000
3744, 0:6:14.400000
3745, 0:6:14.500000
3746, 0:6:14.600000
3747, 0:6:14.700000
3748, 0:6:14.800000
3749, 0:6:14.900000
3750, 0:6:15.000000
3751, 0:6:15.100000
3752, 0:6:15.200000
3753, 0:6:15.300000
3754, 0:6:15.400000
3755, 0:6:15.500000
3756, 0:6:15.600000
3757, 0:6:15.700000
3758, 0:6:15.800000
3759, 0:6:15.900000
3760, 0:6:16.000000
3761, 0:6:16.100000
3762, 0:6:16.200000
3763, 0:6:16.300000
3764, 0:6:16.400000
3765, 0:6:16.500000
3766, 0:6:16.600000
3767, 0:6:16.700000
3768, 0:6:16.800000
3769, 0:6:16.900000
3770, 0:6:17.000000
3771, 0:6:17.100000
3772, 0:6:17.200000
3773, 0:6:17.300000
3774, 0:6:17.400000
3775, 0:6:17.500000
3776, 0:6:17.600000
3777, 0:6:17.700000
3778, 0:6:17.800000
3779, 0:6:17.900000
3780, 0:6:18.000000
3781, 0:6:18.100000
3782, 0:6:18.200000
3783, 0:6:18.300000
3784, 0:6:18.400000
3785, 0:6:18.500000
3786, 0:6:18.600000
3787, 0:6:18.700000
3788, 0:6:18.800000
3789, 0:6:18.900000
3790, 0:6:19.000000
3791, 0:6:19.100000
3792, 0:6:19.200000
3793, 0:6:19.300000
3794, 0:6:19.400000
3795, 0:6:19.500000
3796, 0:6:19.600000
3797, 0:6:19.700000
3798, 0:6:19.800000
3799, 0:6:19.900000
3800, 0:6:20.000000
3801, 0:6:20.100000
3802, 0:6:20.200000
3803, 0:6:20.300000
3804, 0:6:20.400000
3805, 0:6:20.500000
3806, 0:6:20.600000
3807, 0:6:20.700000
3808, 0:6:20.800000
3809, 0:6:20.900000
3810, 0:6:21.000000
3811, 0:6:21.100000
3812, 0:6:21.200000
3813, 0:6:21.300000
3814, 0:6:21.400000
3815, 0:6:21.500000
3816, 0:6:21.600000
3817, 0:6:21.700000
3818, 0:6:21.800000
3819, 0:6:21.900000
3820, 0:6:22.000000
3821, 0:6:22.100000
3822, 0:6:22.200000
3823, 0:6:22.300000
3824, 0:6:22.400000
3825, 0:6:22.500000
3826, 0:6:22.600000
3827, 0:6:22.700000
3828, 0:6:22.800000
3829, 0:6:22.900000
3830, 0:6:23.000000
3831, 0:6:23.100000
3832, 0:6:23.200000
3833, 0:6:23.300000
3834, 0:6:23.400000
3835, 0:6:23.500000
3836, 0:6:23.600000
3837, 0:6:23.700000
3838, 0:6:23.800000
3839, 0:6:23.900000
3840, 0:6:24.000000
3841, 0:6:24.100000
3842, 0:6:24.200000
3843, 0:6:24.300000
3844, 0:6:24.400000
3845, 0:6:24.500000
3846, 0:6:24.600000
3847, 0:6:24.700000
3848, 0:6:24.800000
3849, 0:6:24.900000
3850, 0:6:25.000000
3851, 0:6:25.100000
3852, 0:6:25.200000
3853, 0:6:25.300000
3854, 0:6:25.400000
3855, 0:6:25.500000
3856, 0:6:25.600000
3857, 0:6:25.700000
3858, 0:6:25.800000
3859, 0:6:25.900000
3860, 0:6:26.000000
3861, 0:6:26.100000
3862, 0:6:26.200000
3863, 0:6:26.300000
3864, 0:6:26.400000
3865, 0:6:26.500000
3866, 0:6:26.600000
3867, 0:6:26.700000
3868, 0:6:26.800000
3869, 0:6:26.900000
3870, 0:6:27.000000
3871, 0:6:27.100000
3872, 0:6:27.200000
3873, 0:6:27.300000
3874, 0:6:27.400000
3875, 0:6:27.500000
3876, 0:6:27.600000
3877, 0:6:27.700000
3878, 0:6:27.800000
3879, 0:6:27.900000
3880, 0:6:28.000000
3881, 0:6:28.100000
3882, 0:6:28.200000
3883, 0:6:28.300000
3884, 0:6:28.400000
3885, 0:6:28.500000
3886, 0:6:28.600000
3887, 0:6:28.700000
3888, 0:6:28.800000
3889, 0:6:28.900000
3890, 0:6:29.000000
3891, 0:6:29.100000
3892, 0:6:29.200000
3893, 0:6:29.300000
3894, 0:6:29.400000
3895, 0:6:29.500000
3896, 0:6:29.600000
3897, 0:6:29.700000
3898, 0:6:29.800000
3899, 0:6:29.900000
3900, 0:6:30.000000
3901, 0:6:30.100000
3902, 0:6:30.200000
3903, 0:6:30.300000
3904, 0:6:30.400000
3905, 0:6:30.500000
3906, 0:6:30.600000
3907, 0:6:30.700000
3908, 0:6:30.800000
3909, 0:6:30.900000
3910, 0:6:31.000000
3911, 0:6:31.100000
3912, 0:6:31.200000
3913, 0:6:31.300000
3914, 0:6:31.400000
3915, 0:6:31.500000
3916, 0:6:31.600000
3917, 0:6:31.700000
3918, 0:6:31.800000
3919, 0:6:31.900000
3920, 0:6:32.000000
3921, 0:6:32.100000
3922, 0:6:32.200000
3923, 0:6:32.300000
3924, 0:6:32.400000
3925, 0:6:32.500000
3926, 0:6:32.600000
3927, 0:6:32.700000
3928, 0:6:32.800000
3929, 0:6:32.900000
3930, 0:6:33.000000
3931, 0:6:33.100000
3932, 0:6:33.200000
3933, 0:6:33.300000
3934, 0:6:33.400000
3935, 0:6:33.500000
3936, 0:6:33.600000
3937, 0:6:33.700000
3938, 0:6:33.800000
3939, 0:6:33.900000
3940, 0:6:34.000000
3941, 0:6:34.100000
3942, 0:6:34.200000
3943, 0:6:34.300000
3944, 0:6:34.400000
3945, 0:6:34.500000
3946, 0:6:34.600000
3947, 0:6:34.700000
3948, 0:6:34.800000
3949, 0:6:34.900000
3950, 0:6:35.000000
3951, 0:6:35.100000
3952, 0:6:35.200000
3953, 0:6:35.300000
3954, 0:6:35.400000
3955, 0:6:35.500000
3956, 0:6:35.600000
3957, 0:6:35.700000
3958, 0:6:35.800000
3959, 0:6:35.900000
3960, 0:6:36.000000
3961, 0:6:36.100000
3962, 0:6:36.200000
3963, 0:6:36.300000
3964, 0:6:36.400000
3965, 0:6:36.500000
3966, 0:6:36.600000
3967, 0:6:36.700000
3968, 0:6:36.800000
3969, 0:6:36.900000
3970, 0:6:37.000000
3971, 0:6:37.100000
3972, 0:6:37.200000
3973, 0:6:37.300000
3974, 0:6:37.400000
3975, 0:6:37.500000
3976, 0:6:37.600000
3977, 0:6:37.700000
3978, 0:6:37.800000
3979, 0:6:37.900000
3980, 0:6:38.000000
3981, 0:6:38.100000
3982, 0:6:38.200000
3983, 0:6:38.300000
3984, 0:6:38.400000
3985, 0:6:38.500000
3986, 0:6:38.600000
3987, 0:6:38.700000
3988, 0:6:38.800000
3989, 0:6:38.900000
3990, 0:6:39.000000
3991, 0:6:39.100000
3992, 0:6:39.200000
3993, 0:6:39.300000
3994, 0:6:39.400000
3995, 0:6:39.500000
3996, 0:6:39.600000
3997, 0:6:39.700000
3998, 0:6:39.800000
3999, 0:6:39.900000
4000, 0:6:40.000000
4001, 0:6:40.100000
4002, 0:6:40.200000
4003, 0:6:40.300000
4004, 0:6:40.400000
4005, 0:6:40.500000
4006, 0:6:40.600000
4007, 0:6:40.700000
4008, 0:6:40.800000
4009, 0:6:40.900000
4010, 0:6:41.000000
4011, 0:6:41.100000
4012, 0:6:41.200000
4013, 0:6:41.300000
4014, 0:6:41.400000
4015, 0:6:41.500000
4016, 0:6:41.600000
4017, 0:6:41.700000
4018, 0:6:41.800000
4019, 0:6:41.900000
4020, 0:6:42.000000
4021, 0:6:42.100000
4022, 0:6:42.200000
4023, 0:6:42.300000
4024, 0:6:42.400000
4025, 0:6:42.500000
4026, 0:6:42.600000
4027, 0:6:42.700000
4028, 0:6:42.800000
4029, 0:6:42.900000
4030, 0:6:43.000000
4031, 0:6:43.100000
4032, 0:6:43.200000
4033, 0:6:43.300000
4034, 0:6:43.400000
4035, 0:6:43.500000
4036, 0:6:43.600000
4037, 0:6:43.700000
4038, 0:6:43.800000
4039, 0:6:43.900000
4040, 0:6:44.000000
4041, 0:6:44.100000
4042, 0:6:44.200000
4043, 0:6:44.300000
4044, 0:6:44.400000
4045, 0:6:44.500000
4046, 0:6:44.600000
4047, 0:6:44.700000
4048, 0:6:44.800000
4049, 0:6:44.900000
4050, 0:6:45.000000
4051, 0:6:45.100000
4052, 0:6:45.200000
4053, 0:6:45.300000
4054, 0:6:45.400000
4055, 0:6:45.500000
4056, 0:6:45.600000
4057, 0:6:45.700000
4058, 0:6:45.800000
4059, 0:6:45.900000
4060, 0:6:46.000000
4061, 0:6:46.100000
4062, 0:6:46.200000
4063, 0:6:46.300000
4064, 0:6:46.400000
4065, 0:6:46.500000
4066, 0:6:46.600000
4067, 0:6:46.700000
4068, 0:6:46.800000
4069, 0:6:46.900000
4070, 0:6:47.000000
4071, 0:6:47.100000
4072, 0:6:47.200000
4073, 0:6:47.300000
4074, 0:6:47.400000
4075, 0:6:47.500000
4076, 0:6:47.600000
4077, 0:6:47.700000
4078, 0:6:47.800000
4079, 0:6:47.900000
4080, 0:6:48.000000
4081, 0:6:48.100000
4082, 0:6:48.200000
4083, 0:6:48.300000
4084, 0:6:48.400000
4085, 0:6:48.500000
4086, 0:6:48.600000
4087, 0:6:48.700000
4088, 0:6:48.800000
4089, 0:6:48.900000
4090, 0:6:49.000000
4091, 0:6:49.100000
4092, 0:6:49.200000
4093, 0:6:49.300000
4094, 0:6:49.400000
4095, 0:6:49.500000
4096, 0:6:49.600000
4097, 0:6:49.700000
4098, 0:6:49.800000
4099, 0:6:49.900000
4100, 0:6:50.000000
4101, 0:6:50.100000
4102, 0:6:50.200000
4103, 0:6:50.300000
4104, 0:6:50.400000
4105, 0:6:50.500000
4106, 0:6:50.600000
4107, 0:6:50.700000
4108, 0:6:50.800000
4109, 0:6:50.900000
4110, 0:6:51.000000
4111, 0:6:51.100000
4112, 0:6:51.200000
4113, 0:6:51.300000
4114, 0:6:51.400000
4115, 0:6:51.500000
4116, 0:6:51.600000
4117, 0:6:51.700000
4118, 0:6:51.800000
4119, 0:6:51.900000
4120, 0:6:52.000000
4121, 0:6:52.100000
4122, 0:6:52.200000
4123, 0:6:52.300000
4124, 0:6:52.400000
4125, 0:6:52.500000
4126, 0:6:52.600000
4127, 0:6:52.700000
4128, 0:6:52.800000
4129, 0:6:52.900000
4130, 0:6:53.000000
4131, 0:6:53.100000
4132, 0:6:53.200000
4133, 0:6:53.300000
4134, 0:6:53.400000
4135, 0:6:53.500000
4136, 0:6:53.600000
4137, 0:6:53.700000
4138, 0:6:53.800000
4139, 0:6:53.900000
4140, 0:6:54.000000
4141, 0:6:54.100000
4142, 0:6:54.200000
4143, 0:6:54.300000
4144, 0:6:54.400000
4145, 0:6:54.500000
4146, 0:6:54.600000
4147, 0:6:54.700000
4148, 0:6:54.800000
4149, 0:6:54.900000
4150, 0:6:55.000000
4151, 0:6:55.100000
4152, 0:6:55.200000
4153, 0:6:55.300000
4154, 0:6:55.400000
4155, 0:6:55.500000
4156, 0:6:55.600000
4157, 0:6:55.700000
4158, 0:6:55.800000
4159, 0:6:55.900000
4160, 0:6:56.000000
4161, 0:6:56.100000
4162, 0:6:56.200000
4163, 0:6:56.300000
4164, 0:6:56.400000
4165, 0:6:56.500000
4166, 0:6:56.600000
4167, 0:6:56.700000
4168, 0:6:56.800000
4169, 0:6:56.900000
4170, 0:6:57.000000
4171, 0:6:57.100000
4172, 0:6:57.200000
4173, 0:6:57.300000
4174, 0:6:57.400000
4175, 0:6:57.500000
4176, 0:6:57.600000
4177, 0:6:57.700000
4178, 0:6:57.800000
4179, 0:6:57.900000
4180, 0:6:58.000000
4181, 0:6:58.100000
4182, 0:6:58.200000
4183, 0:6:58.300000
4184, 0:6:58.400000
4185, 0:6:58.500000
4186, 0:6:58.600000
4187, 0:6:58.700000
4188, 0:6:58.800000
4189, 0:6:58.900000
4190, 0:6:59.000000
4191, 0:6:59.100000
4192, 0:6:59.200000
4193, 0:6:59.300000
4194, 0:6:59.400000
4195, 0:6:59.500000
4196, 0:6:59.600000
4197, 0:6:59.700000
4198, 0:6:59.800000
4199, 0:6:59.900000
4200, 0:7:0.000000
4201, 0:7:0.100000
4202, 0:7:0.200000
4203, 0:7:0.300000
4204, 0:7:0.400000
4205, 0:7:0.500000
4206, 0:7:0.600000
4207, 0:7:0.700000
4208, 0:7:0.800000
4209, 0:7:0.900000
4210, 0:7:1.000000
4211, 0:7:1.100000
4212, 0:7:1.200000
4213, 0:7:1.300000
4214, 0:7:1.400000
4215, 0:7:1.500000
4216, 0:7:1.600000
4217, 0:7:1.700000
4218, 0:7:1.800000
4219, 0:7:1.900000
4220, 0:7:2.000000
4221, 0:7:2.100000
4222, 0:7:2.200000
4223, 0:7:2.300000
4224, 0:7:2.400000
4225, 0:7:2.500000
4226, 0:7:2.600000
4227, 0:7:2.700000
4228, 0:7:2.800000
4229, 0:7:2.900000
4230, 0:7:3.000000
4231, 0:7:3.100000
4232, 0:7:3.200000
4233, 0:7:3.300000
4234, 0:7:3.400000
4235, 0:7:3.500000
4236, 0:7:3.600000
4237, 0:7:3.700000
4238, 0:7:3.800000
4239, 0:7:3.900000
4240, 0:7:4.000000
4241, 0:7:4.100000
4242, 0:7:4.200000
4243, 0:7:4.300000
4244, 0:7:4.400000
4245, 0:7:4.500000
4246, 0:7:4.600000
4247, 0:7:4.700000
4248, 0:7:4.800000
4249, 0:7:4.900000
4250, 0:7:5.000000
4251, 0:7:5.100000
4252, 0:7:5.200000
4253, 0:7:5.300000
4254, 0:7:5.400000
4255, 0:7:5.500000
4256, 0:7:5.600000
4257, 0:7:5.700000
4258, 0:7:5.800000
4259, 0:7:5.900000
4260, 0:7:6.000000
4261, 0:7:6.100000
4262, 0:7:6.200000
4263, 0:7:6.300000
4264, 0:7:6.400000
4265, 0:7:6.500000
4266, 0:7:6.600000
4267, 0:7:6.700000
4268, 0:7:6.800000
4269, 0:7:6.900000
4270, 0:7:7.000000
4271, 0:7:7.100000
4272, 0:7:7.200000
4273, 0:7:7.300000
4274, 0:7:7.400000
4275, 0:7:7.500000
4276, 0:7:7.600000
4277, 0:7:7.700000
4278, 0:7:7.800000
4279, 0:7:7.900000
4280, 0:7:8.000000
4281, 0:7:8.100000
4282, 0:7:8.200000
4283, 0:7:8.300000
4284, 0:7:8.400000
4285, 0:7:8.500000
4286, 0:7:8.600000
4287, 0:7:8.700000
4288, 0:7:8.800000
4289, 0:7:8.900000
4290, 0:7:9.000000
4291, 0:7:9.100000
4292, 0:7:9.200000
4293, 0:7:9.300000
4294, 0:7:9.400000
4295, 0:7:9.500000
4296, 0:7:9.600000
4297, 0:7:9.700000
4298, 0:7:9.800000
4299, 0:7:9.900000
4300, 0:7:10.000000
4301, 0:7:10.100000
4302, 0:7:10.200000
4303, 0:7:10.300000
4304, 0:7:10.400000
4305, 0:7:10.500000
4306, 0:7:10.600000
4307, 0:7:10.700000
4308, 0:7:10.800000
4309, 0:7:10.900000
4310, 0:7:11.000000
4311, 0:7:11.100000
4312, 0:7:11.200000
4313, 0:7:11.300000
4314, 0:7:11.400000
4315, 0:7:11.500000
4316, 0:7:11.600000
4317, 0:7:11.700000
4318, 0:7:11.800000
4319, 0:7:11.900000
4320, 0:7:12.000000
4321, 0:7:12.100000
4322, 0:7:12.200000
4323, 0:7:12.300000
4324, 0:7:12.400000
4325, 0:7:12.500000
4326, 0:7:12.600000
4327, 0:7:12.700000
4328, 0:7:12.800000
4329, 0:7:12.900000
4330, 0:7:13.000000
4331, 0:7:13.100000
4332, 0:7:13.200000
4333, 0:7:13.300000
4334, 0:7:13.400000
4335, 0:7:13.500000
4336, 0:7:13.600000
4337, 0:7:13.700000
4338, 0:7:13.800000
4339, 0:7:13.900000
4340, 0:7:14.000000
4341, 0:7:14.100000
4342, 0:7:14.200000
4343, 0:7:14.300000
4344, 0:7:14.400000
4345, 0:7:14.500000
4346, 0:7:14.600000
4347, 0:7:14.700000
4348, 0:7:14.800000
4349, 0:7:14.900000
4350, 0:7:15.000000
4351, 0:7:15.100000
4352, 0:7:15.200000
4353, 0:7:15.300000
4354, 0:7:15.400000
4355, 0:7:15.500000
4356, 0:7:15.600000
4357, 0:7:15.700000
4358, 0:7:15.800000
4359, 0:7:15.900000
4360, 0:7:16.000000
4361, 0:7:16.100000
4362, 0:7:16.200000
4363, 0:7:16.300000
4364, 0:7:16.400000
4365, 0:7:16.500000
4366, 0:7:16.600000
4367, 0:7:16.700000
4368, 0:7:16.800000
4369, 0:7:16.900000
4370, 0:7:17.000000
4371, 0:7:17.100000
4372, 0:7:17.200000
4373, 0:7:17.300000
4374, 0:7:17.400000
4375, 0:7:17.500000
4376, 0:7:17.600000
